timestamp,symbol,strategy,signal,confidence,sentiment,technical,price
2025-08-06T06:45:54.847887+10:00,CBA.AX,traditional,HOLD,0.489,0.182,69.7916225151528,177.33999633789062
2025-08-06T06:45:54.847887+10:00,WBC.AX,traditional,BUY,0.615,0.142,58.60656506594458,33.65999984741211
2025-08-06T06:45:54.847887+10:00,ANZ.AX,traditional,HOLD,0.584,-0.001,48.16510229650939,30.829999923706055
2025-08-06T06:45:54.847887+10:00,NAB.AX,traditional,BUY,0.643,0.218,60.46517301490842,38.79999923706055
2025-08-06T06:45:54.847887+10:00,MQG.AX,traditional,HOLD,0.465,0.136,56.61613297000037,215.08999633789062
2025-08-06T06:45:54.847887+10:00,SUN.AX,traditional,HOLD,0.532,0.021,52.777842533468686,20.700000762939453
2025-08-06T06:45:54.847887+10:00,QBE.AX,traditional,HOLD,0.569,0.042,53.70371351520321,22.979999542236328
2025-08-06T06:45:54.847887+10:00,CBA.AX,ml,HOLD,0.5,0,0,0
2025-08-06T06:45:54.847887+10:00,WBC.AX,ml,HOLD,0.5,0,0,0
2025-08-06T06:45:54.847887+10:00,ANZ.AX,ml,HOLD,0.5,0,0,0
2025-08-06T06:45:54.847887+10:00,NAB.AX,ml,HOLD,0.5,0,0,0
2025-08-06T06:45:54.847887+10:00,MQG.AX,ml,HOLD,0.5,0,0,0
2025-08-06T06:45:54.847887+10:00,SUN.AX,ml,HOLD,0.5,0,0,0
2025-08-06T06:45:54.847887+10:00,QBE.AX,ml,HOLD,0.5,0,0,0
2025-08-05T05:56:39.844280+10:00,CBA.AX,traditional,HOLD,0.462,0.201,28.714300038800758,174.92999267578125
2025-08-05T05:56:39.844280+10:00,WBC.AX,traditional,HOLD,0.603,0.152,26.335805618406155,33.20000076293945
2025-08-05T05:56:39.844280+10:00,ANZ.AX,traditional,HOLD,0.62,0.046,34.72222467508843,30.389999389648438
2025-08-05T05:56:39.844280+10:00,NAB.AX,traditional,HOLD,0.536,0.128,28.823455493622703,38.189998626708984
2025-08-05T05:56:39.844280+10:00,MQG.AX,traditional,HOLD,0.565,0.218,31.370834847365444,213.13999938964844
2025-08-05T05:56:39.844280+10:00,SUN.AX,traditional,HOLD,0.544,0.062,32.882841859450096,20.579999923706055
2025-08-05T05:56:39.844280+10:00,QBE.AX,traditional,HOLD,0.446,0.052,18.220347202017265,22.450000762939453
2025-08-05T05:56:39.844280+10:00,CBA.AX,ml,HOLD,0.5,0,0,0
2025-08-05T05:56:39.844280+10:00,WBC.AX,ml,HOLD,0.5,0,0,0
2025-08-05T05:56:39.844280+10:00,ANZ.AX,ml,HOLD,0.5,0,0,0
2025-08-05T05:56:39.844280+10:00,NAB.AX,ml,HOLD,0.5,0,0,0
2025-08-05T05:56:39.844280+10:00,MQG.AX,ml,HOLD,0.5,0,0,0
2025-08-05T05:56:39.844280+10:00,SUN.AX,ml,HOLD,0.5,0,0,0
2025-08-05T05:56:39.844280+10:00,QBE.AX,ml,HOLD,0.5,0,0,0
2025-08-04T08:16:32.598559+10:00,CBA.AX,traditional,HOLD,0.475,0.132,33.15873146907896,175.05999755859375
2025-08-04T08:16:32.598559+10:00,WBC.AX,traditional,HOLD,0.546,0.174,35.32597202814601,33.45000076293945
2025-08-04T08:16:32.598559+10:00,ANZ.AX,traditional,HOLD,0.555,0.027,59.04258880869429,30.8700008392334
2025-08-04T08:16:32.598559+10:00,NAB.AX,traditional,HOLD,0.487,0.18,49.01951984521752,38.439998626708984
2025-08-04T08:16:32.598559+10:00,MQG.AX,traditional,HOLD,0.468,0.199,29.212774582964215,213.77999877929688
2025-08-04T08:16:32.598559+10:00,SUN.AX,traditional,HOLD,0.616,0.035,44.49992752019897,20.649999618530273
2025-08-04T08:16:32.598559+10:00,QBE.AX,traditional,HOLD,0.548,0.026,40.20615110537813,22.899999618530273
2025-08-04T08:16:32.598559+10:00,CBA.AX,ml,HOLD,0.5,0,0,0
2025-08-04T08:16:32.598559+10:00,WBC.AX,ml,HOLD,0.5,0,0,0
2025-08-04T08:16:32.598559+10:00,ANZ.AX,ml,HOLD,0.5,0,0,0
2025-08-04T08:16:32.598559+10:00,NAB.AX,ml,HOLD,0.5,0,0,0
2025-08-04T08:16:32.598559+10:00,MQG.AX,ml,HOLD,0.5,0,0,0
2025-08-04T08:16:32.598559+10:00,SUN.AX,ml,HOLD,0.5,0,0,0
2025-08-04T08:16:32.598559+10:00,QBE.AX,ml,HOLD,0.5,0,0,0
2025-08-04T08:03:45.891103+10:00,CBA.AX,traditional,HOLD,0.474,0.135,33.15873146907896,175.05999755859375
2025-08-04T08:03:45.891103+10:00,WBC.AX,traditional,HOLD,0.549,0.175,35.32597202814601,33.45000076293945
2025-08-04T08:03:45.891103+10:00,ANZ.AX,traditional,HOLD,0.555,0.028,59.04258880869429,30.8700008392334
2025-08-04T08:03:45.891103+10:00,NAB.AX,traditional,HOLD,0.488,0.179,49.01951984521752,38.439998626708984
2025-08-04T08:03:45.891103+10:00,MQG.AX,traditional,HOLD,0.471,0.21,29.212774582964215,213.77999877929688
2025-08-04T08:03:45.891103+10:00,SUN.AX,traditional,HOLD,0.617,0.041,44.49992752019897,20.649999618530273
2025-08-04T08:03:45.891103+10:00,QBE.AX,traditional,HOLD,0.544,0.037,40.20615110537813,22.899999618530273
2025-08-04T08:03:45.891103+10:00,CBA.AX,ml,HOLD,0.5,0,0,0
2025-08-04T08:03:45.891103+10:00,WBC.AX,ml,HOLD,0.5,0,0,0
2025-08-04T08:03:45.891103+10:00,ANZ.AX,ml,HOLD,0.5,0,0,0
2025-08-04T08:03:45.891103+10:00,NAB.AX,ml,HOLD,0.5,0,0,0
2025-08-04T08:03:45.891103+10:00,MQG.AX,ml,HOLD,0.5,0,0,0
2025-08-04T08:03:45.891103+10:00,SUN.AX,ml,HOLD,0.5,0,0,0
2025-08-04T08:03:45.891103+10:00,QBE.AX,ml,HOLD,0.5,0,0,0
2025-08-04T07:21:37.568776+10:00,CBA.AX,traditional,HOLD,0.469,0.126,33.15873146907896,175.05999755859375
2025-08-04T07:21:37.568776+10:00,WBC.AX,traditional,HOLD,0.543,0.169,35.32597202814601,33.45000076293945
2025-08-04T07:21:37.568776+10:00,ANZ.AX,traditional,HOLD,0.549,0.024,59.04258880869429,30.8700008392334
2025-08-04T07:21:37.568776+10:00,NAB.AX,traditional,HOLD,0.487,0.174,49.01951984521752,38.439998626708984
2025-08-04T07:21:37.568776+10:00,MQG.AX,traditional,HOLD,0.466,0.206,29.212774582964215,213.77999877929688
2025-08-04T07:21:37.568776+10:00,SUN.AX,traditional,HOLD,0.616,0.038,44.49992752019897,20.649999618530273
2025-08-04T07:21:37.568776+10:00,QBE.AX,traditional,HOLD,0.542,0.029,40.20615110537813,22.899999618530273
2025-08-04T07:21:37.568776+10:00,CBA.AX,ml,HOLD,0.5,0,0,0
2025-08-04T07:21:37.568776+10:00,WBC.AX,ml,HOLD,0.5,0,0,0
2025-08-04T07:21:37.568776+10:00,ANZ.AX,ml,HOLD,0.5,0,0,0
2025-08-04T07:21:37.568776+10:00,NAB.AX,ml,HOLD,0.5,0,0,0
2025-08-04T07:21:37.568776+10:00,MQG.AX,ml,HOLD,0.5,0,0,0
2025-08-04T07:21:37.568776+10:00,SUN.AX,ml,HOLD,0.5,0,0,0
2025-08-04T07:21:37.568776+10:00,QBE.AX,ml,HOLD,0.5,0,0,0
2025-08-03T12:39:07.183645+10:00,CBA.AX,traditional,HOLD,0.471,0.128,33.15873146907896,175.05999755859375
2025-08-03T12:39:07.183645+10:00,WBC.AX,traditional,HOLD,0.54,0.131,35.32597202814601,33.45000076293945
2025-08-03T12:39:07.183645+10:00,ANZ.AX,traditional,HOLD,0.549,0.022,59.04258880869429,30.8700008392334
2025-08-03T12:39:07.183645+10:00,NAB.AX,traditional,HOLD,0.489,0.09,49.01951984521752,38.439998626708984
2025-08-03T12:39:07.183645+10:00,MQG.AX,traditional,HOLD,0.467,0.204,29.212774582964215,213.77999877929688
2025-08-03T12:39:07.183645+10:00,SUN.AX,traditional,HOLD,0.618,0.05,44.49992752019897,20.649999618530273
2025-08-03T12:39:07.183645+10:00,QBE.AX,traditional,HOLD,0.544,0.035,40.20615110537813,22.899999618530273
2025-08-03T12:39:07.183645+10:00,CBA.AX,ml,HOLD,0.5,0,0,0
2025-08-03T12:39:07.183645+10:00,WBC.AX,ml,HOLD,0.5,0,0,0
2025-08-03T12:39:07.183645+10:00,ANZ.AX,ml,HOLD,0.5,0,0,0
2025-08-03T12:39:07.183645+10:00,NAB.AX,ml,HOLD,0.5,0,0,0
2025-08-03T12:39:07.183645+10:00,MQG.AX,ml,HOLD,0.5,0,0,0
2025-08-03T12:39:07.183645+10:00,SUN.AX,ml,HOLD,0.5,0,0,0
2025-08-03T12:39:07.183645+10:00,QBE.AX,ml,HOLD,0.5,0,0,0
2025-08-01T19:46:07.263466+10:00,CBA.AX,traditional,HOLD,0.394,0.035,33.15873146907896,175.05999755859375
2025-08-01T19:46:07.263466+10:00,WBC.AX,traditional,HOLD,0.466,0.026,38.068196596239034,33.5
2025-08-01T19:46:07.263466+10:00,ANZ.AX,traditional,HOLD,0.473,0.019,59.04258880869429,30.8700008392334
2025-08-01T19:46:07.263466+10:00,NAB.AX,traditional,HOLD,0.411,0.022,49.01951984521752,38.439998626708984
2025-08-01T19:46:07.263466+10:00,MQG.AX,traditional,HOLD,0.389,0.009,29.212774582964215,213.77999877929688
2025-08-01T19:46:07.263466+10:00,SUN.AX,traditional,HOLD,0.543,0.04,44.49992752019897,20.649999618530273
2025-08-01T19:46:07.263466+10:00,QBE.AX,traditional,HOLD,0.543,0.029,40.20615110537813,22.899999618530273
2025-08-01T19:46:07.263466+10:00,CBA.AX,ml,HOLD,0.5,0,0,0
2025-08-01T19:46:07.263466+10:00,WBC.AX,ml,HOLD,0.5,0,0,0
2025-08-01T19:46:07.263466+10:00,ANZ.AX,ml,HOLD,0.5,0,0,0
2025-08-01T19:46:07.263466+10:00,NAB.AX,ml,HOLD,0.5,0,0,0
2025-08-01T19:46:07.263466+10:00,MQG.AX,ml,HOLD,0.5,0,0,0
2025-08-01T19:46:07.263466+10:00,SUN.AX,ml,HOLD,0.5,0,0,0
2025-08-01T19:46:07.263466+10:00,QBE.AX,ml,HOLD,0.5,0,0,0
2025-08-01T12:08:31.358350+10:00,CBA.AX,traditional,HOLD,0.466,0.009,43.5511821086262,175.57000732421875
2025-08-01T12:08:31.358350+10:00,WBC.AX,traditional,HOLD,0.466,-0.006,52.42733548635596,33.45500183105469
2025-08-01T12:08:31.358350+10:00,ANZ.AX,traditional,HOLD,0.416,-0.023,63.36643199226481,30.68000030517578
2025-08-01T12:08:31.358350+10:00,NAB.AX,traditional,HOLD,0.468,-0.01,46.95945336402276,38.31999969482422
2025-08-01T12:08:31.358350+10:00,MQG.AX,traditional,SELL,0.568,-0.024,33.53579513535462,213.38999938964844
2025-08-01T12:08:31.358350+10:00,SUN.AX,traditional,HOLD,0.295,0.011,58.083873369896686,20.80500030517578
2025-08-01T12:08:31.358350+10:00,QBE.AX,traditional,HOLD,0.466,-0.001,48.979564032697546,22.93000030517578
2025-08-01T12:08:31.358350+10:00,CBA.AX,ml,HOLD,0.5,0,0,0
2025-08-01T12:08:31.358350+10:00,WBC.AX,ml,HOLD,0.5,0,0,0
2025-08-01T12:08:31.358350+10:00,ANZ.AX,ml,HOLD,0.5,0,0,0
2025-08-01T12:08:31.358350+10:00,NAB.AX,ml,HOLD,0.5,0,0,0
2025-08-01T12:08:31.358350+10:00,MQG.AX,ml,HOLD,0.5,0,0,0
2025-08-01T12:08:31.358350+10:00,SUN.AX,ml,HOLD,0.5,0,0,0
2025-08-01T12:08:31.358350+10:00,QBE.AX,ml,HOLD,0.5,0,0,0
2025-08-01T01:30:33.430740,CBA.AX,traditional,HOLD,0.466,0.021,42.68705673528809,175.47999572753906
2025-08-01T01:30:33.430740,WBC.AX,traditional,HOLD,0.467,0.004,48.00013732962543,33.3650016784668
2025-08-01T01:30:33.430740,ANZ.AX,traditional,HOLD,0.332,-0.024,60.103649473451185,30.604999542236328
2025-08-01T01:30:33.430740,NAB.AX,traditional,HOLD,0.469,0.002,46.95945336402276,38.31999969482422
2025-08-01T01:30:33.430740,MQG.AX,traditional,SELL,0.566,-0.026,31.203851063710133,213.0399932861328
2025-08-01T01:30:33.430740,SUN.AX,traditional,HOLD,0.467,0.024,52.05484820852352,20.700000762939453
2025-08-01T01:30:33.430740,QBE.AX,traditional,HOLD,0.469,0.01,48.71786344482744,22.924999237060547
2025-08-01T01:30:33.430740,CBA.AX,ml,HOLD,0.5,0,0,0
2025-08-01T01:30:33.430740,WBC.AX,ml,HOLD,0.5,0,0,0
2025-08-01T01:30:33.430740,ANZ.AX,ml,HOLD,0.5,0,0,0
2025-08-01T01:30:33.430740,NAB.AX,ml,HOLD,0.5,0,0,0
2025-08-01T01:30:33.430740,MQG.AX,ml,HOLD,0.5,0,0,0
2025-08-01T01:30:33.430740,SUN.AX,ml,HOLD,0.5,0,0,0
2025-08-01T01:30:33.430740,QBE.AX,ml,HOLD,0.5,0,0,0
2025-07-31T21:53:11.782138,CBA.AX,traditional,HOLD,0.438,0.001,84.6745221384578,177.91000366210938
2025-07-31T21:53:11.782138,WBC.AX,traditional,HOLD,0.409,-0.009,91.44753022903292,33.81999969482422
2025-07-31T21:53:11.782138,ANZ.AX,traditional,BUY,0.644,-0.023,70.40819305528794,30.719999313354492
2025-07-31T21:53:11.782138,NAB.AX,traditional,HOLD,0.598,-0.018,82.27273042537402,38.90999984741211
2025-07-31T21:53:11.782138,MQG.AX,traditional,HOLD,0.54,-0.032,72.18554423028988,217.3800048828125
2025-07-31T21:53:11.782138,SUN.AX,traditional,HOLD,0.511,0.003,83.33327446444025,20.959999084472656
2025-07-31T21:53:11.782138,QBE.AX,traditional,HOLD,0.564,-0.009,71.64204173427848,23.200000762939453
2025-07-31T21:53:11.782138,CBA.AX,ml,HOLD,0.5,0,0,0
2025-07-31T21:53:11.782138,WBC.AX,ml,HOLD,0.5,0,0,0
2025-07-31T21:53:11.782138,ANZ.AX,ml,HOLD,0.5,0,0,0
2025-07-31T21:53:11.782138,NAB.AX,ml,HOLD,0.5,0,0,0
2025-07-31T21:53:11.782138,MQG.AX,ml,HOLD,0.5,0,0,0
2025-07-31T21:53:11.782138,SUN.AX,ml,HOLD,0.5,0,0,0
2025-07-31T21:53:11.782138,QBE.AX,ml,HOLD,0.5,0,0,0
2025-07-30T22:38:49.282849,CBA.AX,traditional,BUY,0.644,-0.084,66.50877560908586,176.99000549316406
2025-07-30T22:38:49.282849,WBC.AX,traditional,HOLD,0.631,-0.116,73.83205225104459,33.720001220703125
2025-07-30T22:38:49.282849,ANZ.AX,traditional,HOLD,0.501,-0.162,65.00003667974912,30.700000762939453
2025-07-30T22:38:49.282849,NAB.AX,traditional,HOLD,0.435,-0.113,84.13459951362832,38.470001220703125
2025-07-30T22:38:49.282849,MQG.AX,traditional,HOLD,0.415,-0.177,57.76299734308809,217.16000366210938
2025-07-30T22:38:49.282849,SUN.AX,traditional,HOLD,0.463,-0.091,77.451035390651,20.760000228881836
2025-07-30T22:38:49.282849,QBE.AX,traditional,HOLD,0.494,-0.102,70.23819255222524,23.09000015258789
2025-07-30T22:38:49.282849,CBA.AX,ml,HOLD,0.5,0,0,0
2025-07-30T22:38:49.282849,WBC.AX,ml,HOLD,0.5,0,0,0
2025-07-30T22:38:49.282849,ANZ.AX,ml,HOLD,0.5,0,0,0
2025-07-30T22:38:49.282849,NAB.AX,ml,HOLD,0.5,0,0,0
2025-07-30T22:38:49.282849,MQG.AX,ml,HOLD,0.5,0,0,0
2025-07-30T22:38:49.282849,SUN.AX,ml,HOLD,0.5,0,0,0
2025-07-30T22:38:49.282849,QBE.AX,ml,HOLD,0.5,0,0,0
2025-07-29T21:13:51.413433,CBA.AX,traditional,HOLD,0.554,0.018,64.73029571075367,174.2899932861328
2025-07-29T21:13:51.413433,WBC.AX,traditional,HOLD,0.525,0.063,59.09096820339424,33.189998626708984
2025-07-29T21:13:51.413433,ANZ.AX,traditional,HOLD,0.405,0.016,54.34782969251973,30.31999969482422
2025-07-29T21:13:51.413433,NAB.AX,traditional,HOLD,0.591,0.02,81.9445033131296,38.20000076293945
2025-07-29T21:13:51.413433,MQG.AX,traditional,HOLD,0.529,0.049,55.95702513820799,215.3699951171875
2025-07-29T21:13:51.413433,SUN.AX,traditional,BUY,0.643,0.06,73.01590665512168,20.600000381469727
2025-07-29T21:13:51.413433,QBE.AX,traditional,HOLD,0.52,0.01,72.89141260361109,22.90999984741211
2025-07-29T21:13:51.413433,CBA.AX,ml,HOLD,0.5,0,0,0
2025-07-29T21:13:51.413433,WBC.AX,ml,HOLD,0.5,0,0,0
2025-07-29T21:13:51.413433,ANZ.AX,ml,HOLD,0.5,0,0,0
2025-07-29T21:13:51.413433,NAB.AX,ml,HOLD,0.5,0,0,0
2025-07-29T21:13:51.413433,MQG.AX,ml,HOLD,0.5,0,0,0
2025-07-29T21:13:51.413433,SUN.AX,ml,HOLD,0.5,0,0,0
2025-07-29T21:13:51.413433,QBE.AX,ml,HOLD,0.5,0,0,0
2025-07-28T21:35:25.347459,CBA.AX,traditional,HOLD,0.547,0.061,61.47670271964888,174.89999389648438
2025-07-28T21:35:25.347459,WBC.AX,traditional,HOLD,0.553,0.086,46.296217804716086,33.209999084472656
2025-07-28T21:35:25.347459,ANZ.AX,traditional,HOLD,0.332,0.025,42.93473979259702,30.309999465942383
2025-07-28T21:35:25.347459,NAB.AX,traditional,HOLD,0.412,0.009,53.787821865156204,37.7599983215332
2025-07-28T21:35:25.347459,MQG.AX,traditional,HOLD,0.482,0.082,62.28160554523143,216.22999572753906
2025-07-28T21:35:25.347459,SUN.AX,traditional,HOLD,0.473,0.049,54.629518434009846,20.479999542236328
2025-07-28T21:35:25.347459,QBE.AX,traditional,HOLD,0.461,0.033,54.78721029799081,22.75
2025-07-28T21:35:25.347459,CBA.AX,ml,HOLD,0.5,0,0,0
2025-07-28T21:35:25.347459,WBC.AX,ml,HOLD,0.5,0,0,0
2025-07-28T21:35:25.347459,ANZ.AX,ml,HOLD,0.5,0,0,0
2025-07-28T21:35:25.347459,NAB.AX,ml,HOLD,0.5,0,0,0
2025-07-28T21:35:25.347459,MQG.AX,ml,HOLD,0.5,0,0,0
2025-07-28T21:35:25.347459,SUN.AX,ml,HOLD,0.5,0,0,0
2025-07-28T21:35:25.347459,QBE.AX,ml,HOLD,0.5,0,0,0
2025-07-28T08:24:42.826492,CBA.AX,traditional,HOLD,0.544,0.079,61.47670271964888,174.89999389648438
2025-07-28T08:24:42.826492,WBC.AX,traditional,HOLD,0.556,0.086,46.296217804716086,33.209999084472656
2025-07-28T08:24:42.826492,ANZ.AX,traditional,HOLD,0.334,0.056,42.93473979259702,30.309999465942383
2025-07-28T08:24:42.826492,NAB.AX,traditional,HOLD,0.415,0.016,53.787821865156204,37.7599983215332
2025-07-28T08:24:42.826492,MQG.AX,traditional,HOLD,0.483,0.1,62.28160554523143,216.22999572753906
2025-07-28T08:24:42.826492,SUN.AX,traditional,HOLD,0.474,0.049,57.01747047820457,20.479999542236328
2025-07-28T08:24:42.826492,QBE.AX,traditional,HOLD,0.512,0.033,58.42100402348236,22.780000686645508
2025-07-28T08:24:42.826492,CBA.AX,ml,HOLD,0.5,0,0,0
2025-07-28T08:24:42.826492,WBC.AX,ml,HOLD,0.5,0,0,0
2025-07-28T08:24:42.826492,ANZ.AX,ml,HOLD,0.5,0,0,0
2025-07-28T08:24:42.826492,NAB.AX,ml,HOLD,0.5,0,0,0
2025-07-28T08:24:42.826492,MQG.AX,ml,HOLD,0.5,0,0,0
2025-07-28T08:24:42.826492,SUN.AX,ml,HOLD,0.5,0,0,0
2025-07-28T08:24:42.826492,QBE.AX,ml,HOLD,0.5,0,0,0
2025-07-27T21:41:12.924884,CBA.AX,traditional,HOLD,0.433,0.074,47.21856487778109,172.8699951171875
2025-07-27T21:41:12.924884,WBC.AX,traditional,HOLD,0.325,0.086,46.850294365012616,33.029998779296875
2025-07-27T21:41:12.924884,ANZ.AX,traditional,HOLD,0.558,0.029,32.84315833761862,30.219999313354492
2025-07-27T21:41:12.924884,NAB.AX,traditional,HOLD,0.521,0.004,59.93583473531829,37.5099983215332
2025-07-27T21:41:12.924884,MQG.AX,traditional,HOLD,0.513,0.065,16.180845396641573,214.14999389648438
2025-07-27T21:41:12.924884,SUN.AX,traditional,HOLD,0.48,0.058,37.499908300627226,20.309999465942383
2025-07-27T21:41:12.924884,QBE.AX,traditional,HOLD,0.485,0.033,35.507291446389104,22.530000686645508
2025-07-27T21:41:12.924884,CBA.AX,ml,HOLD,0.5,0,0,0
2025-07-27T21:41:12.924884,WBC.AX,ml,HOLD,0.5,0,0,0
2025-07-27T21:41:12.924884,ANZ.AX,ml,HOLD,0.5,0,0,0
2025-07-27T21:41:12.924884,NAB.AX,ml,HOLD,0.5,0,0,0
2025-07-27T21:41:12.924884,MQG.AX,ml,HOLD,0.5,0,0,0
2025-07-27T21:41:12.924884,SUN.AX,ml,HOLD,0.5,0,0,0
2025-07-27T21:41:12.924884,QBE.AX,ml,HOLD,0.5,0,0,0
2025-07-27T21:21:55.702017,CBA.AX,traditional,HOLD,0.434,0.074,47.21856487778109,172.8699951171875
2025-07-27T21:21:55.702017,WBC.AX,traditional,HOLD,0.326,0.086,46.850294365012616,33.029998779296875
2025-07-27T21:21:55.702017,ANZ.AX,traditional,HOLD,0.559,0.03,32.84315833761862,30.219999313354492
2025-07-27T21:21:55.702017,NAB.AX,traditional,HOLD,0.518,0.004,59.93583473531829,37.5099983215332
2025-07-27T21:21:55.702017,MQG.AX,traditional,HOLD,0.513,0.065,16.180845396641573,214.14999389648438
2025-07-27T21:21:55.702017,SUN.AX,traditional,HOLD,0.478,0.056,37.499908300627226,20.309999465942383
2025-07-27T21:21:55.702017,QBE.AX,traditional,HOLD,0.489,0.033,35.507291446389104,22.530000686645508
2025-07-27T21:21:55.702017,CBA.AX,ml,HOLD,0.5,0,0,0
2025-07-27T21:21:55.702017,WBC.AX,ml,HOLD,0.5,0,0,0
2025-07-27T21:21:55.702017,ANZ.AX,ml,HOLD,0.5,0,0,0
2025-07-27T21:21:55.702017,NAB.AX,ml,HOLD,0.5,0,0,0
2025-07-27T21:21:55.702017,MQG.AX,ml,HOLD,0.5,0,0,0
2025-07-27T21:21:55.702017,SUN.AX,ml,HOLD,0.5,0,0,0
2025-07-27T21:21:55.702017,QBE.AX,ml,HOLD,0.5,0,0,0
2025-07-27T04:18:38.296393,CBA.AX,traditional,HOLD,0.436,0.111,47.21856487778109,172.8699951171875
2025-07-27T04:18:38.296393,WBC.AX,traditional,HOLD,0.327,0.086,46.850294365012616,33.029998779296875
2025-07-27T04:18:38.296393,ANZ.AX,traditional,HOLD,0.556,0.029,32.84315833761862,30.219999313354492
2025-07-27T04:18:38.296393,NAB.AX,traditional,HOLD,0.521,0.003,59.93583473531829,37.5099983215332
2025-07-27T04:18:38.296393,MQG.AX,traditional,HOLD,0.525,0.077,16.180845396641573,214.14999389648438
2025-07-27T04:18:38.296393,SUN.AX,traditional,HOLD,0.479,0.056,37.499908300627226,20.309999465942383
2025-07-27T04:18:38.296393,QBE.AX,traditional,HOLD,0.486,0.033,35.507291446389104,22.530000686645508
2025-07-27T04:18:38.296393,CBA.AX,ml,HOLD,0.5,0,0,0
2025-07-27T04:18:38.296393,WBC.AX,ml,HOLD,0.5,0,0,0
2025-07-27T04:18:38.296393,ANZ.AX,ml,HOLD,0.5,0,0,0
2025-07-27T04:18:38.296393,NAB.AX,ml,HOLD,0.5,0,0,0
2025-07-27T04:18:38.296393,MQG.AX,ml,HOLD,0.5,0,0,0
2025-07-27T04:18:38.296393,SUN.AX,ml,HOLD,0.5,0,0,0
2025-07-27T04:18:38.296393,QBE.AX,ml,HOLD,0.5,0,0,0
2025-07-27T04:15:13.437004,CBA.AX,traditional,HOLD,0.432,0.111,47.21856487778109,172.8699951171875
2025-07-27T04:15:13.437004,WBC.AX,traditional,HOLD,0.326,0.086,46.850294365012616,33.029998779296875
2025-07-27T04:15:13.437004,ANZ.AX,traditional,HOLD,0.557,0.029,32.84315833761862,30.219999313354492
2025-07-27T04:15:13.437004,NAB.AX,traditional,HOLD,0.521,0.003,59.93583473531829,37.5099983215332
2025-07-27T04:15:13.437004,MQG.AX,traditional,HOLD,0.523,0.077,16.180845396641573,214.14999389648438
2025-07-27T04:15:13.437004,SUN.AX,traditional,HOLD,0.482,0.056,37.499908300627226,20.309999465942383
2025-07-27T04:15:13.437004,QBE.AX,traditional,HOLD,0.486,0.033,35.507291446389104,22.530000686645508
2025-07-27T04:15:13.437004,CBA.AX,ml,HOLD,0.5,0,0,0
2025-07-27T04:15:13.437004,WBC.AX,ml,HOLD,0.5,0,0,0
2025-07-27T04:15:13.437004,ANZ.AX,ml,HOLD,0.5,0,0,0
2025-07-27T04:15:13.437004,NAB.AX,ml,HOLD,0.5,0,0,0
2025-07-27T04:15:13.437004,MQG.AX,ml,HOLD,0.5,0,0,0
2025-07-27T04:15:13.437004,SUN.AX,ml,HOLD,0.5,0,0,0
2025-07-27T04:15:13.437004,QBE.AX,ml,HOLD,0.5,0,0,0
2025-07-27T03:51:50.426388,CBA.AX,traditional,HOLD,0.432,0.111,47.21856487778109,172.8699951171875
2025-07-27T03:51:50.426388,WBC.AX,traditional,HOLD,0.327,0.086,46.850294365012616,33.029998779296875
2025-07-27T03:51:50.426388,ANZ.AX,traditional,HOLD,0.556,0.029,32.84315833761862,30.219999313354492
2025-07-27T03:51:50.426388,NAB.AX,traditional,HOLD,0.52,0.003,59.93583473531829,37.5099983215332
2025-07-27T03:51:50.426388,MQG.AX,traditional,HOLD,0.525,0.077,16.180845396641573,214.14999389648438
2025-07-27T03:51:50.426388,SUN.AX,traditional,HOLD,0.481,0.056,37.499908300627226,20.309999465942383
2025-07-27T03:51:50.426388,QBE.AX,traditional,HOLD,0.488,0.046,35.507291446389104,22.530000686645508
2025-07-27T03:51:50.426388,CBA.AX,ml,HOLD,0.5,0,0,0
2025-07-27T03:51:50.426388,WBC.AX,ml,HOLD,0.5,0,0,0
2025-07-27T03:51:50.426388,ANZ.AX,ml,HOLD,0.5,0,0,0
2025-07-27T03:51:50.426388,NAB.AX,ml,HOLD,0.5,0,0,0
2025-07-27T03:51:50.426388,MQG.AX,ml,HOLD,0.5,0,0,0
2025-07-27T03:51:50.426388,SUN.AX,ml,HOLD,0.5,0,0,0
2025-07-27T03:51:50.426388,QBE.AX,ml,HOLD,0.5,0,0,0
2025-08-06T07:44:44.989811,CBA.AX,evening_ml,HOLD,0.5225328596755229,0,0,0
2025-08-06T07:44:44.989811,WBC.AX,evening_ml,HOLD,0.5225328596755229,0,0,0
2025-08-06T07:44:44.989811,ANZ.AX,evening_ml,HOLD,0.5225328596755229,0,0,0
2025-08-06T07:44:44.989811,NAB.AX,evening_ml,HOLD,0.5225328596755229,0,0,0
2025-08-06T07:44:44.989811,MQG.AX,evening_ml,HOLD,0.5225328596755229,0,0,0
2025-08-06T07:44:44.989811,SUN.AX,evening_ml,HOLD,0.5225328596755229,0,0,0
2025-08-06T07:44:44.989811,QBE.AX,evening_ml,HOLD,0.5225328596755229,0,0,0
2025-08-05T11:40:24.720084,CBA.AX,evening_ml,HOLD,0.5225328596755229,0,0,0
2025-08-05T11:40:24.720084,WBC.AX,evening_ml,HOLD,0.5225328596755229,0,0,0
2025-08-05T11:40:24.720084,ANZ.AX,evening_ml,HOLD,0.5225328596755229,0,0,0
2025-08-05T11:40:24.720084,NAB.AX,evening_ml,HOLD,0.5225328596755229,0,0,0
2025-08-05T11:40:24.720084,MQG.AX,evening_ml,HOLD,0.5225328596755229,0,0,0
2025-08-05T11:40:24.720084,SUN.AX,evening_ml,HOLD,0.5225328596755229,0,0,0
2025-08-05T11:40:24.720084,QBE.AX,evening_ml,HOLD,0.5225328596755229,0,0,0
2025-08-05T08:34:42.905348,CBA.AX,evening_ml,HOLD,0.5225328596755229,0,0,0
2025-08-05T08:34:42.905348,WBC.AX,evening_ml,HOLD,0.5225328596755229,0,0,0
2025-08-05T08:34:42.905348,ANZ.AX,evening_ml,HOLD,0.5225328596755229,0,0,0
2025-08-05T08:34:42.905348,NAB.AX,evening_ml,HOLD,0.5225328596755229,0,0,0
2025-08-05T08:34:42.905348,MQG.AX,evening_ml,HOLD,0.5225328596755229,0,0,0
2025-08-05T08:34:42.905348,SUN.AX,evening_ml,HOLD,0.5225328596755229,0,0,0
2025-08-05T08:34:42.905348,QBE.AX,evening_ml,HOLD,0.5225328596755229,0,0,0
2025-08-04T11:56:27.203313,CBA.AX,evening_ml,HOLD,0.5225328596755229,0,0,0
2025-08-04T11:56:27.203313,WBC.AX,evening_ml,HOLD,0.5225328596755229,0,0,0
2025-08-04T11:56:27.203313,ANZ.AX,evening_ml,HOLD,0.5225328596755229,0,0,0
2025-08-04T11:56:27.203313,NAB.AX,evening_ml,HOLD,0.5225328596755229,0,0,0
2025-08-04T11:56:27.203313,MQG.AX,evening_ml,HOLD,0.5225328596755229,0,0,0
2025-08-04T11:56:27.203313,SUN.AX,evening_ml,HOLD,0.5225328596755229,0,0,0
2025-08-04T11:56:27.203313,QBE.AX,evening_ml,HOLD,0.5225328596755229,0,0,0
2025-08-04T11:35:31.345501,CBA.AX,evening_ml,HOLD,0.5225328596755229,0,0,0
2025-08-04T11:35:31.345501,WBC.AX,evening_ml,HOLD,0.5225328596755229,0,0,0
2025-08-04T11:35:31.345501,ANZ.AX,evening_ml,HOLD,0.5225328596755229,0,0,0
2025-08-04T11:35:31.345501,NAB.AX,evening_ml,HOLD,0.5225328596755229,0,0,0
2025-08-04T11:35:31.345501,MQG.AX,evening_ml,HOLD,0.5225328596755229,0,0,0
2025-08-04T11:35:31.345501,SUN.AX,evening_ml,HOLD,0.5225328596755229,0,0,0
2025-08-04T11:35:31.345501,QBE.AX,evening_ml,HOLD,0.5225328596755229,0,0,0
2025-08-04T11:22:53.778238,CBA.AX,evening_ml,HOLD,0.5225328596755229,0,0,0
2025-08-04T11:22:53.778238,WBC.AX,evening_ml,HOLD,0.5225328596755229,0,0,0
2025-08-04T11:22:53.778238,ANZ.AX,evening_ml,HOLD,0.5225328596755229,0,0,0
2025-08-04T11:22:53.778238,NAB.AX,evening_ml,HOLD,0.5225328596755229,0,0,0
2025-08-04T11:22:53.778238,MQG.AX,evening_ml,HOLD,0.5225328596755229,0,0,0
2025-08-04T11:22:53.778238,SUN.AX,evening_ml,HOLD,0.5225328596755229,0,0,0
2025-08-04T11:22:53.778238,QBE.AX,evening_ml,HOLD,0.5225328596755229,0,0,0
2025-08-04T11:09:03.532580,CBA.AX,evening_ml,HOLD,0.5225328596755229,0,0,0
2025-08-04T11:09:03.532580,WBC.AX,evening_ml,HOLD,0.5225328596755229,0,0,0
2025-08-04T11:09:03.532580,ANZ.AX,evening_ml,HOLD,0.5225328596755229,0,0,0
2025-08-04T11:09:03.532580,NAB.AX,evening_ml,HOLD,0.5225328596755229,0,0,0
2025-08-04T11:09:03.532580,MQG.AX,evening_ml,HOLD,0.5225328596755229,0,0,0
2025-08-04T11:09:03.532580,SUN.AX,evening_ml,HOLD,0.5225328596755229,0,0,0
2025-08-04T11:09:03.532580,QBE.AX,evening_ml,HOLD,0.5225328596755229,0,0,0
2025-08-04T10:45:25.349581,CBA.AX,evening_ml,HOLD,0.5225328596755229,0,0,0
2025-08-04T10:45:25.349581,WBC.AX,evening_ml,HOLD,0.5225328596755229,0,0,0
2025-08-04T10:45:25.349581,ANZ.AX,evening_ml,HOLD,0.5225328596755229,0,0,0
2025-08-04T10:45:25.349581,NAB.AX,evening_ml,HOLD,0.5225328596755229,0,0,0
2025-08-04T10:45:25.349581,MQG.AX,evening_ml,HOLD,0.5225328596755229,0,0,0
2025-08-04T10:45:25.349581,SUN.AX,evening_ml,HOLD,0.5225328596755229,0,0,0
2025-08-04T10:45:25.349581,QBE.AX,evening_ml,HOLD,0.5225328596755229,0,0,0
2025-08-04T10:10:18.581329,CBA.AX,evening_ml,HOLD,0.5225328596755229,0,0,0
2025-08-04T10:10:18.581329,WBC.AX,evening_ml,HOLD,0.5225328596755229,0,0,0
2025-08-04T10:10:18.581329,ANZ.AX,evening_ml,HOLD,0.5225328596755229,0,0,0
2025-08-04T10:10:18.581329,NAB.AX,evening_ml,HOLD,0.5225328596755229,0,0,0
2025-08-04T10:10:18.581329,MQG.AX,evening_ml,HOLD,0.5225328596755229,0,0,0
2025-08-04T10:10:18.581329,SUN.AX,evening_ml,HOLD,0.5225328596755229,0,0,0
2025-08-04T10:10:18.581329,QBE.AX,evening_ml,HOLD,0.5225328596755229,0,0,0
2025-08-04T07:33:25.991006,CBA.AX,evening_ml,HOLD,0.5225328596755229,0,0,0
2025-08-04T07:33:25.991006,WBC.AX,evening_ml,HOLD,0.5225328596755229,0,0,0
2025-08-04T07:33:25.991006,ANZ.AX,evening_ml,HOLD,0.5225328596755229,0,0,0
2025-08-04T07:33:25.991006,NAB.AX,evening_ml,HOLD,0.5225328596755229,0,0,0
2025-08-04T07:33:25.991006,MQG.AX,evening_ml,HOLD,0.5225328596755229,0,0,0
2025-08-04T07:33:25.991006,SUN.AX,evening_ml,HOLD,0.5225328596755229,0,0,0
2025-08-04T07:33:25.991006,QBE.AX,evening_ml,HOLD,0.5225328596755229,0,0,0
2025-08-03T02:47:01.915991,CBA.AX,evening_ml,HOLD,0.5225328596755229,0,0,0
2025-08-03T02:47:01.915991,WBC.AX,evening_ml,HOLD,0.5225328596755229,0,0,0
2025-08-03T02:47:01.915991,ANZ.AX,evening_ml,HOLD,0.5225328596755229,0,0,0
2025-08-03T02:47:01.915991,NAB.AX,evening_ml,HOLD,0.5225328596755229,0,0,0
2025-08-03T02:47:01.915991,MQG.AX,evening_ml,HOLD,0.5225328596755229,0,0,0
2025-08-03T02:47:01.915991,SUN.AX,evening_ml,HOLD,0.5225328596755229,0,0,0
2025-08-03T02:47:01.915991,QBE.AX,evening_ml,HOLD,0.5225328596755229,0,0,0
2025-08-02T02:20:32.773619,CBA.AX,evening_ml,HOLD,0.5225328596755229,0,0,0
2025-08-02T02:20:32.773619,WBC.AX,evening_ml,HOLD,0.5225328596755229,0,0,0
2025-08-02T02:20:32.773619,ANZ.AX,evening_ml,HOLD,0.5225328596755229,0,0,0
2025-08-02T02:20:32.773619,NAB.AX,evening_ml,HOLD,0.5225328596755229,0,0,0
2025-08-02T02:20:32.773619,MQG.AX,evening_ml,HOLD,0.5225328596755229,0,0,0
2025-08-02T02:20:32.773619,SUN.AX,evening_ml,HOLD,0.5225328596755229,0,0,0
2025-08-02T02:20:32.773619,QBE.AX,evening_ml,HOLD,0.5225328596755229,0,0,0
2025-08-01T08:37:36.944210,CBA.AX,evening_ml,HOLD,0.5895100000000001,0,0,0
2025-08-01T08:37:36.944210,WBC.AX,evening_ml,HOLD,0.5849300000000001,0,0,0
2025-08-01T08:37:36.944210,ANZ.AX,evening_ml,HOLD,0.5809200000000001,0,0,0
2025-08-01T08:37:36.944210,NAB.AX,evening_ml,HOLD,0.5869000000000001,0,0,0
2025-08-01T08:37:36.944210,MQG.AX,evening_ml,HOLD,0.58535,0,0,0
2025-08-01T08:37:36.944210,SUN.AX,evening_ml,HOLD,0.58947,0,0,0
2025-08-01T08:37:36.944210,QBE.AX,evening_ml,HOLD,0.58101,0,0,0
2025-07-31T07:48:05.876300,CBA.AX,evening_ml,HOLD,0.5930300000000001,0,0,0
2025-07-31T07:48:05.876300,WBC.AX,evening_ml,HOLD,0.5965500000000001,0,0,0
2025-07-31T07:48:05.876300,ANZ.AX,evening_ml,HOLD,0.59269,0,0,0
2025-07-31T07:48:05.876300,NAB.AX,evening_ml,HOLD,0.5964200000000001,0,0,0
2025-07-31T07:48:05.876300,MQG.AX,evening_ml,HOLD,0.5952200000000001,0,0,0
2025-07-31T07:48:05.876300,SUN.AX,evening_ml,HOLD,0.5967500000000001,0,0,0
2025-07-31T07:48:05.876300,QBE.AX,evening_ml,HOLD,0.5979800000000001,0,0,0
2025-07-30T09:56:28.984767,CBA.AX,evening_ml,HOLD,0.6172700000000001,0,0,0
2025-07-30T09:56:28.984767,WBC.AX,evening_ml,HOLD,0.6178700000000001,0,0,0
2025-07-30T09:56:28.984767,ANZ.AX,evening_ml,HOLD,0.6144800000000001,0,0,0
2025-07-30T09:56:28.984767,NAB.AX,evening_ml,HOLD,0.58557,0,0,0
2025-07-30T09:56:28.984767,MQG.AX,evening_ml,HOLD,0.59169,0,0,0
2025-07-30T09:56:28.984767,SUN.AX,evening_ml,HOLD,0.6126000000000001,0,0,0
2025-07-30T09:56:28.984767,QBE.AX,evening_ml,HOLD,0.5756800000000001,0,0,0
2025-07-30T07:44:29.657173,CBA.AX,evening_ml,HOLD,0.6199300000000001,0,0,0
2025-07-30T07:44:29.657173,WBC.AX,evening_ml,HOLD,0.6131800000000001,0,0,0
2025-07-30T07:44:29.657173,ANZ.AX,evening_ml,HOLD,0.6112400000000001,0,0,0
2025-07-30T07:44:29.657173,NAB.AX,evening_ml,HOLD,0.58801,0,0,0
2025-07-30T07:44:29.657173,MQG.AX,evening_ml,HOLD,0.5904600000000001,0,0,0
2025-07-30T07:44:29.657173,SUN.AX,evening_ml,HOLD,0.6150000000000001,0,0,0
2025-07-30T07:44:29.657173,QBE.AX,evening_ml,HOLD,0.5773800000000001,0,0,0
2025-07-29T07:49:04.442392,CBA.AX,evening_ml,HOLD,0.6183600000000001,0,0,0
2025-07-29T07:49:04.442392,WBC.AX,evening_ml,HOLD,0.6189900000000002,0,0,0
2025-07-29T07:49:04.442392,ANZ.AX,evening_ml,HOLD,0.6120700000000001,0,0,0
2025-07-29T07:49:04.442392,NAB.AX,evening_ml,HOLD,0.5836000000000001,0,0,0
2025-07-29T07:49:04.442392,MQG.AX,evening_ml,HOLD,0.5977800000000001,0,0,0
2025-07-29T07:49:04.442392,SUN.AX,evening_ml,HOLD,0.6143200000000001,0,0,0
2025-07-29T07:49:04.442392,QBE.AX,evening_ml,HOLD,0.5916000000000001,0,0,0
2025-07-28T08:29:44.834355,CBA.AX,evening_ml,HOLD,0.6184400000000001,0,0,0
2025-07-28T08:29:44.834355,WBC.AX,evening_ml,HOLD,0.6180200000000001,0,0,0
2025-07-28T08:29:44.834355,ANZ.AX,evening_ml,HOLD,0.6118000000000001,0,0,0
2025-07-28T08:29:44.834355,NAB.AX,evening_ml,HOLD,0.58969,0,0,0
2025-07-28T08:29:44.834355,MQG.AX,evening_ml,HOLD,0.6185200000000001,0,0,0
2025-07-28T08:29:44.834355,SUN.AX,evening_ml,HOLD,0.5993900000000001,0,0,0
2025-07-28T08:29:44.834355,QBE.AX,evening_ml,HOLD,0.57374,0,0,0
2025-07-27T21:34:35.081535,CBA.AX,evening_ml,HOLD,0.6176400000000001,0,0,0
2025-07-27T21:34:35.081535,WBC.AX,evening_ml,HOLD,0.6162000000000001,0,0,0
2025-07-27T21:34:35.081535,ANZ.AX,evening_ml,HOLD,0.61794,0,0,0
2025-07-27T21:34:35.081535,NAB.AX,evening_ml,HOLD,0.58879,0,0,0
2025-07-27T21:34:35.081535,MQG.AX,evening_ml,HOLD,0.59201,0,0,0
2025-07-27T21:34:35.081535,SUN.AX,evening_ml,HOLD,0.5974100000000001,0,0,0
2025-07-27T21:34:35.081535,QBE.AX,evening_ml,HOLD,0.5708200000000001,0,0,0
2025-08-08T06:58:45.810348+10:00,CBA.AX,traditional,HOLD,0.375,0.131,56.25997504425292,178.1300048828125
2025-08-08T06:58:45.810348+10:00,WBC.AX,traditional,BUY,0.708,0.17,65.56593588507104,33.9900016784668
2025-08-08T06:58:45.810348+10:00,ANZ.AX,traditional,HOLD,0.477,0.037,56.13203897470963,30.959999084472656
2025-08-08T06:58:45.810348+10:00,NAB.AX,traditional,HOLD,0.515,0.195,50.787419313174524,38.81999969482422
2025-08-08T06:58:45.810348+10:00,MQG.AX,traditional,HOLD,0.47,0.019,45.75798541180765,214.47999572753906
2025-08-08T06:58:45.810348+10:00,SUN.AX,traditional,HOLD,0.592,0.017,75.43826774235646,20.989999771118164
2025-08-08T06:58:45.810348+10:00,QBE.AX,traditional,HOLD,0.565,0.059,71.17121451646162,23.450000762939453
2025-08-08T06:58:45.810348+10:00,CBA.AX,ml,HOLD,0.5,0,0,0
2025-08-08T06:58:45.810348+10:00,WBC.AX,ml,SELL,0.5,0,0,0
2025-08-08T06:58:45.810348+10:00,ANZ.AX,ml,SELL,0.5,0,0,0
2025-08-08T06:58:45.810348+10:00,NAB.AX,ml,SELL,0.5,0,0,0
2025-08-08T06:58:45.810348+10:00,MQG.AX,ml,HOLD,0.5,0,0,0
2025-08-08T06:58:45.810348+10:00,SUN.AX,ml,SELL,0.5,0,0,0
2025-08-08T06:58:45.810348+10:00,QBE.AX,ml,SELL,0.5,0,0,0
2025-08-07T10:47:08.926546+10:00,CBA.AX,traditional,BUY,0.641,0.19,65.9058307775023,178.3300018310547
2025-08-07T10:47:08.926546+10:00,WBC.AX,traditional,BUY,0.644,0.169,65.00003814668162,33.810001373291016
2025-08-07T10:47:08.926546+10:00,ANZ.AX,traditional,HOLD,0.446,0.065,57.792276957451186,30.850000381469727
2025-08-07T10:47:08.926546+10:00,NAB.AX,traditional,BUY,0.641,0.218,52.33660853072458,38.810001373291016
2025-08-07T10:47:08.926546+10:00,MQG.AX,traditional,BUY,0.542,0.17,47.06225402569272,214.50999450683594
2025-08-07T10:47:08.926546+10:00,SUN.AX,traditional,BUY,0.591,0.014,66.08705459322113,20.950000762939453
2025-08-07T10:47:08.926546+10:00,QBE.AX,traditional,HOLD,0.374,0.073,92.43245918270559,23.459999084472656
2025-08-07T10:47:08.926546+10:00,CBA.AX,ml,SELL,0.5,0,0,0
2025-08-07T10:47:08.926546+10:00,WBC.AX,ml,SELL,0.5,0,0,0
2025-08-07T10:47:08.926546+10:00,ANZ.AX,ml,SELL,0.5,0,0,0
2025-08-07T10:47:08.926546+10:00,NAB.AX,ml,SELL,0.5,0,0,0
2025-08-07T10:47:08.926546+10:00,MQG.AX,ml,SELL,0.5,0,0,0
2025-08-07T10:47:08.926546+10:00,SUN.AX,ml,SELL,0.5,0,0,0
2025-08-07T10:47:08.926546+10:00,QBE.AX,ml,SELL,0.5,0,0,0
2025-08-06T21:37:21.004428+10:00,CBA.AX,traditional,HOLD,0.534,0.191,77.92735345519814,179.0800018310547
2025-08-06T21:37:21.004428+10:00,WBC.AX,traditional,BUY,0.676,0.173,79.33864235362364,33.90999984741211
2025-08-06T21:37:21.004428+10:00,ANZ.AX,traditional,HOLD,0.399,0.065,72.01845056546853,30.8700008392334
2025-08-06T21:37:21.004428+10:00,NAB.AX,traditional,BUY,0.539,0.242,77.39752513534415,38.9900016784668
2025-08-06T21:37:21.004428+10:00,MQG.AX,traditional,BUY,0.616,0.2,68.0279678942533,216.22999572753906
2025-08-06T21:37:21.004428+10:00,SUN.AX,traditional,BUY,0.669,0.023,69.93467637379077,20.934999465942383
2025-08-06T21:37:21.004428+10:00,QBE.AX,traditional,HOLD,0.466,0.06,88.46160899977625,23.329999923706055
2025-08-06T21:37:21.004428+10:00,CBA.AX,ml,HOLD,0.5,0,0,0
2025-08-06T21:37:21.004428+10:00,WBC.AX,ml,HOLD,0.5,0,0,0
2025-08-06T21:37:21.004428+10:00,ANZ.AX,ml,HOLD,0.5,0,0,0
2025-08-06T21:37:21.004428+10:00,NAB.AX,ml,HOLD,0.5,0,0,0
2025-08-06T21:37:21.004428+10:00,MQG.AX,ml,HOLD,0.5,0,0,0
2025-08-06T21:37:21.004428+10:00,SUN.AX,ml,HOLD,0.5,0,0,0
2025-08-06T21:37:21.004428+10:00,QBE.AX,ml,HOLD,0.5,0,0,0
2025-08-06T21:16:14.296791+10:00,CBA.AX,traditional,HOLD,0.535,0.192,77.92735345519814,179.0800018310547
2025-08-06T21:16:14.296791+10:00,WBC.AX,traditional,BUY,0.679,0.173,79.33864235362364,33.90999984741211
2025-08-06T21:16:14.296791+10:00,ANZ.AX,traditional,HOLD,0.4,0.065,72.01845056546853,30.8700008392334
2025-08-06T21:16:14.296791+10:00,NAB.AX,traditional,BUY,0.54,0.242,77.39752513534415,38.9900016784668
2025-08-06T21:16:14.296791+10:00,MQG.AX,traditional,BUY,0.613,0.199,68.0279678942533,216.22999572753906
2025-08-06T21:16:14.296791+10:00,SUN.AX,traditional,BUY,0.669,0.023,69.93467637379077,20.934999465942383
2025-08-06T21:16:14.296791+10:00,QBE.AX,traditional,HOLD,0.464,0.06,88.46160899977625,23.329999923706055
2025-08-06T21:16:14.296791+10:00,CBA.AX,ml,HOLD,0.5,0,0,0
2025-08-06T21:16:14.296791+10:00,WBC.AX,ml,HOLD,0.5,0,0,0
2025-08-06T21:16:14.296791+10:00,ANZ.AX,ml,HOLD,0.5,0,0,0
2025-08-06T21:16:14.296791+10:00,NAB.AX,ml,HOLD,0.5,0,0,0
2025-08-06T21:16:14.296791+10:00,MQG.AX,ml,HOLD,0.5,0,0,0
2025-08-06T21:16:14.296791+10:00,SUN.AX,ml,HOLD,0.5,0,0,0
2025-08-06T21:16:14.296791+10:00,QBE.AX,ml,HOLD,0.5,0,0,0
2025-08-06T19:50:47.934369+10:00,CBA.AX,traditional,HOLD,0.535,0.192,77.92735345519814,179.0800018310547
2025-08-06T19:50:47.934369+10:00,WBC.AX,traditional,BUY,0.676,0.173,79.33864235362364,33.90999984741211
2025-08-06T19:50:47.934369+10:00,ANZ.AX,traditional,HOLD,0.398,0.065,72.01845056546853,30.8700008392334
2025-08-06T19:50:47.934369+10:00,NAB.AX,traditional,HOLD,0.539,0.241,77.39752513534415,38.9900016784668
2025-08-06T19:50:47.934369+10:00,MQG.AX,traditional,BUY,0.614,0.199,68.0279678942533,216.22999572753906
2025-08-06T19:50:47.934369+10:00,SUN.AX,traditional,BUY,0.671,0.023,69.93467637379077,20.934999465942383
2025-08-06T19:50:47.934369+10:00,QBE.AX,traditional,HOLD,0.466,0.06,88.46160899977625,23.329999923706055
2025-08-06T19:50:47.934369+10:00,CBA.AX,ml,HOLD,0.5,0,0,0
2025-08-06T19:50:47.934369+10:00,WBC.AX,ml,HOLD,0.5,0,0,0
2025-08-06T19:50:47.934369+10:00,ANZ.AX,ml,HOLD,0.5,0,0,0
2025-08-06T19:50:47.934369+10:00,NAB.AX,ml,HOLD,0.5,0,0,0
2025-08-06T19:50:47.934369+10:00,MQG.AX,ml,HOLD,0.5,0,0,0
2025-08-06T19:50:47.934369+10:00,SUN.AX,ml,HOLD,0.5,0,0,0
2025-08-06T19:50:47.934369+10:00,QBE.AX,ml,HOLD,0.5,0,0,0
2025-08-06T19:41:21.967233+10:00,CBA.AX,traditional,HOLD,0.533,0.192,77.92735345519814,179.0800018310547
2025-08-06T19:41:21.967233+10:00,WBC.AX,traditional,BUY,0.68,0.174,79.33864235362364,33.90999984741211
2025-08-06T19:41:21.967233+10:00,ANZ.AX,traditional,HOLD,0.397,0.064,72.01845056546853,30.8700008392334
2025-08-06T19:41:21.967233+10:00,NAB.AX,traditional,HOLD,0.541,0.241,77.39752513534415,38.9900016784668
2025-08-06T19:41:21.967233+10:00,MQG.AX,traditional,BUY,0.614,0.21,68.0279678942533,216.22999572753906
2025-08-06T19:41:21.967233+10:00,SUN.AX,traditional,BUY,0.673,0.023,69.93467637379077,20.934999465942383
2025-08-06T19:41:21.967233+10:00,QBE.AX,traditional,HOLD,0.465,0.06,88.46160899977625,23.329999923706055
2025-08-08T08:17:05.001752,CBA.AX,evening_ml,SELL,0.6732184643670139,0,0,0
2025-08-08T08:17:05.001752,WBC.AX,evening_ml,SELL,0.7341520705644525,0,0,0
2025-08-08T08:17:05.001752,ANZ.AX,evening_ml,SELL,0.6782989226959243,0,0,0
2025-08-08T08:17:05.001752,NAB.AX,evening_ml,SELL,0.758397271414434,0,0,0
2025-08-08T08:17:05.001752,MQG.AX,evening_ml,SELL,0.6253853512475751,0,0,0
2025-08-08T08:17:05.001752,SUN.AX,evening_ml,SELL,0.6919137424054838,0,0,0
2025-08-08T08:17:05.001752,QBE.AX,evening_ml,HOLD,0.5542722100280574,0,0,0
2025-08-07T11:42:15.427100,CBA.AX,evening_ml,HOLD,0.5495721237671268,0,0,0
2025-08-07T11:42:15.427100,WBC.AX,evening_ml,SELL,0.6879607489106826,0,0,0
2025-08-07T11:42:15.427100,ANZ.AX,evening_ml,SELL,0.638506215212309,0,0,0
2025-08-07T11:42:15.427100,NAB.AX,evening_ml,SELL,0.6351915091299127,0,0,0
2025-08-07T11:42:15.427100,MQG.AX,evening_ml,HOLD,0.5565001205292962,0,0,0
2025-08-07T11:42:15.427100,SUN.AX,evening_ml,SELL,0.6621722963964509,0,0,0
2025-08-07T11:42:15.427100,QBE.AX,evening_ml,SELL,0.6253091553121253,0,0,0
2025-08-06T12:18:17.268293,CBA.AX,evening_ml,SELL,0.7516941479119459,0,0,0
2025-08-06T12:18:17.268293,WBC.AX,evening_ml,SELL,0.8133011627106814,0,0,0
2025-08-06T12:18:17.268293,ANZ.AX,evening_ml,SELL,0.7029676641382104,0,0,0
2025-08-06T12:18:17.268293,NAB.AX,evening_ml,SELL,0.7870641597268989,0,0,0
2025-08-06T12:18:17.268293,MQG.AX,evening_ml,SELL,0.6426887628334872,0,0,0
2025-08-06T12:18:17.268293,SUN.AX,evening_ml,SELL,0.8582523518442561,0,0,0
2025-08-06T12:18:17.268293,QBE.AX,evening_ml,SELL,0.7013086245469395,0,0,0
2025-08-06T10:48:23.590159,CBA.AX,evening_ml,HOLD,0.5225328596755229,0,0,0
2025-08-06T10:48:23.590159,WBC.AX,evening_ml,HOLD,0.5225328596755229,0,0,0
2025-08-06T10:48:23.590159,ANZ.AX,evening_ml,HOLD,0.5225328596755229,0,0,0
2025-08-06T10:48:23.590159,NAB.AX,evening_ml,HOLD,0.5225328596755229,0,0,0
2025-08-06T10:48:23.590159,MQG.AX,evening_ml,HOLD,0.5225328596755229,0,0,0
2025-08-06T10:48:23.590159,SUN.AX,evening_ml,HOLD,0.5225328596755229,0,0,0
2025-08-06T10:48:23.590159,QBE.AX,evening_ml,HOLD,0.5225328596755229,0,0,0
2025-08-06T09:59:09.387318,CBA.AX,evening_ml,HOLD,0.5225328596755229,0,0,0
2025-08-06T09:59:09.387318,WBC.AX,evening_ml,HOLD,0.5225328596755229,0,0,0
2025-08-06T09:59:09.387318,ANZ.AX,evening_ml,HOLD,0.5225328596755229,0,0,0
2025-08-06T09:59:09.387318,NAB.AX,evening_ml,HOLD,0.5225328596755229,0,0,0
2025-08-06T09:59:09.387318,MQG.AX,evening_ml,HOLD,0.5225328596755229,0,0,0
2025-08-06T09:59:09.387318,SUN.AX,evening_ml,HOLD,0.5225328596755229,0,0,0
2025-08-06T09:59:09.387318,QBE.AX,evening_ml,HOLD,0.5225328596755229,0,0,0
