symbol,feature_timestamp,sentiment_score,confidence,news_count,reddit_sentiment,rsi,macd_line,macd_signal,macd_histogram,price_vs_sma20,price_vs_sma50,price_vs_sma200,bollinger_width,volume_ratio,atr_14,volatility_20d,asx200_change,vix_level,asx_market_hours,monday_effect,friday_effect,optimal_action,return_pct,price_direction_1d,confidence_score,prediction_timestamp,actual_direction,optimal_action_target
CBA.AX,2025-07-28T08:25:13.550024,0.07936685015687833,0.61484,12,0.0,61.47670271964888,-0.017804967095543134,-0.4189073976474679,0.4011024305519248,0.8894851761961978,-0.2713070347482638,-3.0435571662502334,2.2212654383291484,2.470318877673356,0.889998299734933,5.315854630282855,0.0,20.0,0,1,0,HOLD,0.426384454833062,0.0,0.61484,2025-07-28T08:25:13.550024,1,HOLD
WBC.AX,2025-07-28T08:25:37.163471,0.08636971644781191,0.6167100000000001,12,0.0,46.296217804716086,0.0018133593117539704,-0.021278948495345885,0.023092307807099855,0.24374026445016703,-0.08334152409950993,-1.1746879180671246,1.3540546662556534,2.9067112571908607,0.14750044686453684,4.974112510131312,0.0,20.0,0,1,0,HOLD,0.030133578786144487,0.0,0.6167100000000001,2025-07-28T08:25:37.163471,1,HOLD
ANZ.AX,2025-07-28T08:26:00.315836,0.05624428954634763,0.6174900000000001,10,0.0,42.93473979259702,0.014358852080857076,0.012901132609478594,0.0014577194713784828,-0.023090828049739477,0.08056491115093198,1.6259803590859243,1.4747218031567375,1.9223702949305357,0.12857178279331752,4.230672699902172,0.0,20.0,0,1,0,HOLD,0.0,0.0,0.6174900000000001,2025-07-28T08:26:00.315836,0,HOLD
NAB.AX,2025-07-28T08:26:23.210991,0.01618129189572829,0.5875400000000001,14,0.0,53.787821865156204,0.018721722487605064,-0.04524181239585673,0.06396353488346179,0.47897340751500994,-0.24305624015479366,-3.0430680794347404,1.9519867536705333,2.156142776425728,0.16178648812430246,5.471759459239578,0.0,20.0,0,1,0,HOLD,1.08494267657889,0.0,0.5875400000000001,2025-07-28T08:26:23.210991,1,BUY
MQG.AX,2025-07-28T08:26:51.019530,0.09978831970445894,0.6169900000000001,15,0.0,62.28160554523143,-1.2847796520875079,-1.772125437798271,0.48734578571076304,0.5524483178430699,-2.142299628091341,-2.336443339220338,2.240002166974855,1.3737994392673234,1.343214852469308,6.649713392228462,0.0,20.0,0,1,0,HOLD,-0.8151442744018529,0.0,0.6169900000000001,2025-07-28T08:26:51.019530,-1,SELL
SUN.AX,2025-07-28T08:27:14.808376,0.04880495204655853,0.5987300000000001,13,0.0,57.01747047820457,0.007320259973994325,-0.009766814133694991,0.017087074107689317,0.527670142391569,0.3926468447517471,-2.3410977205658767,1.1495088194068523,0.8366662959889823,0.08785724639892578,4.429401567744349,0.0,20.0,0,1,0,HOLD,1.4778382053408397,0.0,0.5987300000000001,2025-07-28T08:27:14.808376,1,BUY
QBE.AX,2025-07-28T08:27:39.652773,0.033290414726792804,0.57135,9,0.0,58.42100402348236,-0.016440700163801836,-0.0540865752879456,0.03764587512414377,0.7396302038342986,-0.062292954724113406,-0.7972551705662075,2.529524283377867,2.060379280480301,0.12035696847098214,8.281247770226914,0.0,20.0,0,1,0,HOLD,1.7092130317512375,0.0,0.57135,2025-07-28T08:27:39.652773,1,BUY
CBA.AX,2025-07-28T08:30:11.753991,0.07942042232308254,0.6168300000000001,12,0.0,61.47670271964888,-0.017804967095543134,-0.4189073976474679,0.4011024305519248,0.8894851761961978,-0.2713070347482638,-3.0435571662502334,2.2212654383291484,2.470318877673356,0.889998299734933,5.315854630282855,0.0,20.0,0,1,0,HOLD,0.426384454833062,0.0,0.6168300000000001,2025-07-28T08:30:11.753991,1,HOLD
WBC.AX,2025-07-28T08:30:37.041301,0.08620898330266089,0.6112200000000001,12,0.0,46.296217804716086,0.0018133593117539704,-0.021278948495345885,0.023092307807099855,0.24374026445016703,-0.08334152409950993,-1.1746879180671246,1.3540546662556534,2.9067112571908607,0.14750044686453684,4.974112510131312,0.0,20.0,0,1,0,HOLD,0.030133578786144487,0.0,0.6112200000000001,2025-07-28T08:30:37.041301,1,HOLD
ANZ.AX,2025-07-28T08:31:04.060950,0.05627974215287085,0.6193500000000001,10,0.0,42.93473979259702,0.014358852080857076,0.012901132609478594,0.0014577194713784828,-0.023090828049739477,0.08056491115093198,1.6259803590859243,1.4747218031567375,1.9223702949305357,0.12857178279331752,4.230672699902172,0.0,20.0,0,1,0,HOLD,0.0,0.0,0.6193500000000001,2025-07-28T08:31:04.060950,0,HOLD
NAB.AX,2025-07-28T08:31:29.285474,0.016163176483500317,0.5842700000000001,14,0.0,53.787821865156204,0.018721722487605064,-0.04524181239585673,0.06396353488346179,0.47897340751500994,-0.24305624015479366,-3.0430680794347404,1.9519867536705333,2.156142776425728,0.16178648812430246,5.471759459239578,0.0,20.0,0,1,0,HOLD,1.08494267657889,0.0,0.5842700000000001,2025-07-28T08:31:29.285474,1,BUY
MQG.AX,2025-07-28T08:31:57.608325,0.08102487519936803,0.6133900000000001,15,0.0,62.28160554523143,-1.2847796520875079,-1.772125437798271,0.48734578571076304,0.5524483178430699,-2.142299628091341,-2.336443339220338,2.240002166974855,1.3737994392673234,1.343214852469308,6.649713392228462,0.0,20.0,0,1,0,HOLD,-0.8151442744018529,0.0,0.6133900000000001,2025-07-28T08:31:57.608325,-1,SELL
SUN.AX,2025-07-28T08:32:19.470828,0.04875118786168631,0.5955,13,0.0,57.01747047820457,0.007320259973994325,-0.009766814133694991,0.017087074107689317,0.527670142391569,0.3926468447517471,-2.3410977205658767,1.1495088194068523,0.8366662959889823,0.08785724639892578,4.429401567744349,0.0,20.0,0,1,0,HOLD,1.4778382053408397,0.0,0.5955,2025-07-28T08:32:19.470828,1,BUY
QBE.AX,2025-07-28T08:32:45.790146,0.03327952682943493,0.5704,9,0.0,58.42100402348236,-0.016440700163801836,-0.0540865752879456,0.03764587512414377,0.7396302038342986,-0.062292954724113406,-0.7972551705662075,2.529524283377867,2.060379280480301,0.12035696847098214,8.281247770226914,0.0,20.0,0,1,0,HOLD,1.7092130317512375,0.0,0.5704,2025-07-28T08:32:45.790146,1,BUY
CBA.AX,2025-07-29T07:49:29.618430,0.02961096627015655,0.6143700000000001,10,0.0,64.73029571075367,0.03740296514649799,-0.08637771628135547,0.12378068142785346,0.38083752794500625,0.006078321199906268,-3.2563928690296375,2.1350193575284484,2.8824414324025396,0.8364268711635044,4.652002814480501,0.0,20.0,0,0,0,HOLD,2.005654484757084,0.0,0.6143700000000001,2025-07-29T07:49:29.618430,1,BUY
WBC.AX,2025-07-29T07:49:51.780286,0.06011763040854375,0.6167300000000001,13,0.0,59.09096820339424,-0.009433723594781895,-0.01779062604283823,0.008356902448056334,0.3294908607781864,0.30129264150761986,-1.218184236890646,1.0622181134698605,2.8523584566503195,0.1442857469831194,4.412854164404192,0.0,20.0,0,0,0,HOLD,2.2747951842023175,0.0,0.6167300000000001,2025-07-29T07:49:51.780286,1,BUY
ANZ.AX,2025-07-29T07:50:16.307980,0.01578749836611986,0.6197900000000001,11,0.0,54.34782969251973,-0.032527628597481595,-0.0279789643631967,-0.0045486642342848944,0.3616261572590835,0.3813958463196896,1.5371209960624885,1.5723885049881707,3.9231576512682445,0.14071450914655412,5.227233182982068,0.0,20.0,0,0,0,HOLD,2.1630666967780217,0.0,0.6197900000000001,2025-07-29T07:50:16.307980,1,BUY
NAB.AX,2025-07-29T07:50:45.294924,0.009043150532070146,0.5865300000000001,14,0.0,81.9445033131296,0.08539869428255287,0.028724193991900154,0.05667450029065271,1.336342460801637,1.3768164685004713,-1.8243432077010728,2.4092119806558423,6.109177771937943,0.1725008828299386,4.178720974333233,0.0,20.0,0,0,0,HOLD,2.0153862494878836,0.0,0.5865300000000001,2025-07-29T07:50:45.294924,1,BUY
MQG.AX,2025-07-29T07:51:07.092785,0.11448658988281121,0.59267,16,0.0,55.95702513820799,-1.0339816727727396,-1.290683462295977,0.2567017895232375,0.14717094981582202,-1.7311705334104823,-2.7563234243475563,2.2026397225417567,2.305056465188315,1.3096411568777901,6.769008749060953,0.0,20.0,0,0,0,HOLD,0.7562774982807048,0.0,0.59267,2025-07-29T07:51:07.092785,1,HOLD
SUN.AX,2025-07-29T07:51:32.296156,0.04873154645668655,0.5943200000000001,13,0.0,73.01590665512168,0.04766890792244283,0.02764210524160212,0.020026802680840707,0.8530913972150046,1.0219913249141823,-1.5842057350747512,1.832184648381598,4.19057772498957,0.0867858614240374,3.535935252780425,0.0,20.0,0,0,0,HOLD,1.51588975245507,0.0,0.5943200000000001,2025-07-29T07:51:32.296156,1,BUY
QBE.AX,2025-07-29T07:51:55.514881,0.058566743125960254,0.59257,9,0.0,72.89141260361109,0.029489368796635773,-0.0032957059770805804,0.03278507477371635,1.0709278016171258,0.7648630743866917,-0.1465554612530165,2.3032341821054128,3.9036424792303044,0.11857128143310547,5.213364226287923,0.0,20.0,0,0,0,HOLD,1.8077594439826514,0.0,0.59257,2025-07-29T07:51:55.514881,1,BUY
CBA.AX,2025-07-30T07:44:55.655044,0.0002636809764089813,0.6169300000000001,11,0.0,66.50877560908586,0.788059236362443,0.4688764858073643,0.3191827505550787,1.1195231718279428,1.7509661875715472,-1.6485874866123253,2.9318565780993415,3.6720222561040408,0.9346444266183036,4.953458417559982,0.0,20.0,0,0,0,HOLD,1.6570534519730884,0.0,0.6169300000000001,2025-07-30T07:44:55.655044,1,BUY
WBC.AX,2025-07-30T07:45:19.513477,0.04978704035511406,0.6121400000000001,14,0.0,73.83205225104459,0.14492742713403572,0.07615020191372338,0.06877722522031235,1.3540980125013735,1.8500379020117308,0.3399753057868156,3.0473503318182855,3.5421364569605482,0.1825000217982701,4.235433087617013,0.0,20.0,0,0,0,HOLD,1.56156297200436,0.0,0.6121400000000001,2025-07-30T07:45:19.513477,1,BUY
ANZ.AX,2025-07-30T07:45:50.984677,0.015059557023936077,0.6147500000000001,10,0.0,65.00003667974912,0.0968370895349473,0.03690900529650617,0.05992808423844113,1.2441188759705366,1.4886129254996747,2.625991037303137,2.7988538543290984,2.8095789598475243,0.1789285114833287,5.272568663754906,0.0,20.0,0,0,0,HOLD,1.386138900558897,0.0,0.6147500000000001,2025-07-30T07:45:50.984677,1,BUY
NAB.AX,2025-07-30T07:46:22.714939,0.019988730900006142,0.58115,13,0.0,84.13459951362832,0.23035178770000186,0.16976778490072342,0.06058400279927845,1.103814490258465,2.0789972085685884,-1.0777402788119648,3.630916141548962,3.5815843009478057,0.20642880031040736,3.371563872041744,0.0,20.0,0,0,0,HOLD,1.3809243474388004,0.0,0.58115,2025-07-30T07:46:22.714939,1,BUY
MQG.AX,2025-07-30T07:46:48.278301,0.055336622311189326,0.5901100000000001,16,0.0,57.76299734308809,-0.14897526550709017,-0.6043163811681875,0.45534111566109736,0.627883562821659,-0.33955772188350963,-2.0236923547059975,1.8283983434694344,2.266669190040631,1.1060682024274553,4.307992751380021,0.0,20.0,0,0,0,HOLD,0.8115753653815779,0.0,0.5901100000000001,2025-07-30T07:46:48.278301,1,BUY
SUN.AX,2025-07-30T07:47:13.773938,0.060435605948707366,0.6146800000000001,13,0.0,77.451035390651,0.09609739791779148,0.07284781761230617,0.02324958030548531,0.9690800427362166,1.6262162470753343,-0.6766273633887228,2.694643117109923,4.79325574000146,0.09428582872663226,3.5498395376310174,0.0,20.0,0,0,0,HOLD,1.4029947126672033,0.0,0.6146800000000001,2025-07-30T07:47:13.773938,1,BUY
QBE.AX,2025-07-30T07:47:39.454113,0.025326352007179843,0.5723,9,0.0,70.23819255222524,0.10822930733879943,0.069245364335649,0.03898394300315043,1.0414847992944547,1.3964529285569471,0.6798842312193915,2.942619731483313,5.367184874485153,0.13142858232770646,4.957905841135839,0.0,20.0,0,0,0,HOLD,1.0013123920784828,0.0,0.5723,2025-07-30T07:47:39.454113,1,BUY
CBA.AX,2025-07-30T09:56:56.258448,0.0002634789879966415,0.61467,11,0.0,66.50877560908586,0.788059236362443,0.4688764858073643,0.3191827505550787,1.1195231718279428,1.7509661875715472,-1.6485874866123253,2.9318565780993415,3.6720222561040408,0.9346444266183036,4.953458417559982,0.0,20.0,0,0,0,BUY,1.6570534519730884,0.0,0.61467,2025-07-30T09:56:56.258448,1,BUY
WBC.AX,2025-07-30T09:57:21.248003,0.049825409937458306,0.6144100000000001,14,0.0,73.83205225104459,0.14492742713403572,0.07615020191372338,0.06877722522031235,1.3540980125013735,1.8500379020117308,0.3399753057868156,3.0473503318182855,3.5421364569605482,0.1825000217982701,4.235433087617013,0.0,20.0,0,0,0,HOLD,1.56156297200436,0.0,0.6144100000000001,2025-07-30T09:57:21.248003,1,BUY
ANZ.AX,2025-07-30T09:57:46.284648,0.029678423096176316,0.6109800000000001,10,0.0,65.00003667974912,0.0968370895349473,0.03690900529650617,0.05992808423844113,1.2441188759705366,1.4886129254996747,2.625991037303137,2.7988538543290984,2.8095789598475243,0.1789285114833287,5.272568663754906,0.0,20.0,0,0,0,HOLD,1.386138900558897,0.0,0.6109800000000001,2025-07-30T09:57:46.284648,1,BUY
NAB.AX,2025-07-30T09:58:11.375628,0.041126405845053844,0.5885100000000001,12,0.0,84.13459951362832,0.23035178770000186,0.16976778490072342,0.06058400279927845,1.103814490258465,2.0789972085685884,-1.0777402788119648,3.630916141548962,3.5815843009478057,0.20642880031040736,3.371563872041744,0.0,20.0,0,0,0,HOLD,1.3809243474388004,0.0,0.5885100000000001,2025-07-30T09:58:11.375628,1,BUY
MQG.AX,2025-07-30T09:58:37.243213,0.06273074090993222,0.5970000000000001,16,0.0,57.76299734308809,-0.14897526550709017,-0.6043163811681875,0.45534111566109736,0.627883562821659,-0.33955772188350963,-2.0236923547059975,1.8283983434694344,2.266669190040631,1.1060682024274553,4.307992751380021,0.0,20.0,0,0,0,HOLD,0.8115753653815779,0.0,0.5970000000000001,2025-07-30T09:58:37.243213,1,BUY
SUN.AX,2025-07-30T09:59:02.881448,0.06035995928068549,0.6109900000000001,13,0.0,77.451035390651,0.09609739791779148,0.07284781761230617,0.02324958030548531,0.9690800427362166,1.6262162470753343,-0.6766273633887228,2.694643117109923,4.79325574000146,0.09428582872663226,3.5498395376310174,0.0,20.0,0,0,0,HOLD,1.4029947126672033,0.0,0.6109900000000001,2025-07-30T09:59:02.881448,1,BUY
QBE.AX,2025-07-30T09:59:31.299902,0.025378562603328592,0.5782900000000001,9,0.0,70.23819255222524,0.10822930733879943,0.069245364335649,0.03898394300315043,1.0414847992944547,1.3964529285569471,0.6798842312193915,2.942619731483313,5.367184874485153,0.13142858232770646,4.957905841135839,0.0,20.0,0,0,0,HOLD,1.0013123920784828,0.0,0.5782900000000001,2025-07-30T09:59:31.299902,1,BUY
CBA.AX,2025-07-31T07:48:33.137402,-0.008925281670987748,0.5945600000000001,36,0.0,84.6745221384578,0.9692965456828802,0.8283754354006629,0.1409211102822172,0.9876846059484227,1.9881724086817105,-1.051963877195882,3.498162393434453,4.135225739810735,0.8835732596261161,3.9943750003053986,0.0,20.0,0,0,0,HOLD,-0.9113039152306761,0.0,0.5945600000000001,2025-07-31T07:48:33.137402,-1,SELL
WBC.AX,2025-07-31T07:48:57.751567,-0.022474174588429166,0.59855,34,0.0,91.44753022903292,0.18878737299195336,0.16260726307277995,0.02618010991917341,0.9175683097178471,1.672698817202105,0.5562997634958269,3.9048188619220374,5.528517802309026,0.16142872401646205,2.934969483578825,0.0,20.0,0,0,0,HOLD,-0.8301179457362982,0.0,0.59855,2025-07-31T07:48:57.751567,-1,SELL
ANZ.AX,2025-07-31T07:49:21.776043,-0.030219197478893407,0.59174,38,0.0,70.40819305528794,0.13294757066503138,0.11104769074355042,0.021899879921480958,0.7931871902469134,1.1248145100098406,2.407251642814417,3.6575842307210396,3.3229749526790218,0.15571417127336776,4.256643851588435,0.0,20.0,0,0,0,HOLD,0.7177853945881206,0.0,0.59174,2025-07-31T07:49:21.776043,1,HOLD
NAB.AX,2025-07-31T07:49:44.335473,-0.03279698922878075,0.5997800000000001,30,0.0,82.27273042537402,0.2674065496622333,0.236410734240484,0.030995815421749312,1.3796063534177667,2.796182485725897,0.058630693899073445,3.8788890221593744,4.574866365186425,0.1950005122593471,3.463975569604848,0.0,20.0,0,0,0,HOLD,-0.1039524844158016,0.0,0.5997800000000001,2025-07-31T07:49:44.335473,-1,HOLD
MQG.AX,2025-07-31T07:50:06.611537,-0.044768649382342554,0.5929700000000001,40,0.0,72.18554423028988,0.08865853683812475,-0.12717963461531495,0.2158381714534397,0.6419201949860713,0.16787053693512075,-2.048770442860592,1.9029621059430142,3.997427845072529,1.063213893345424,3.5049838493576915,0.0,20.0,0,0,0,HOLD,-1.233540404984975,0.0,0.5929700000000001,2025-07-31T07:50:06.611537,-1,SELL
SUN.AX,2025-07-31T07:50:40.972316,-0.015713946587448735,0.59213,30,0.0,83.01886113440312,0.11990611392728212,0.10038253992469993,0.019523574002582186,1.1104257706547078,2.0811477492305217,0.18605330181783813,2.888442267843134,0.8196992294473678,0.09250027792794364,3.484867979252839,0.0,20.0,0,0,0,HOLD,-0.24155141336371333,0.0,0.59213,2025-07-31T07:50:40.972316,-1,HOLD
QBE.AX,2025-07-31T07:51:03.658076,-0.02265384434420693,0.5949800000000001,30,0.0,77.16568544995795,0.13052090371395408,0.10797973150441761,0.02254117220953647,1.1410762770065355,1.8963406837090173,1.3946433707621413,3.485162366723967,0.9969653126301298,0.12035737718854632,4.425017543596367,0.0,20.0,0,0,0,HOLD,-0.6076444940708282,0.0,0.5949800000000001,2025-07-31T07:51:03.658076,-1,HOLD
CBA.AX,2025-08-01T08:38:11.986282,0.03218742921266047,0.58708,50,0.0,33.15873146907896,0.03325048951191434,0.37016302745339297,-0.33691253794147863,-0.8271033851029589,0.17166259933266143,-2.4544102240273804,2.426110763751002,2.9133008167635377,0.8285718645368304,6.725920530619824,0.0,20.0,0,0,1,HOLD,-0.15968905278023426,0.0,0.58708,2025-08-01T08:38:11.986282,-1,HOLD
WBC.AX,2025-08-01T08:38:41.821186,0.0229066932919257,0.5894400000000001,47,0.0,38.068196596239034,0.044285805948497625,0.09697617122549512,-0.0526903652769975,-0.339143657654076,0.5583242423480951,-0.3724878125653597,2.338623336690819,1.1975684774459765,0.1496429443359375,5.610423521465825,0.0,20.0,0,0,1,HOLD,0.16469622524887487,0.0,0.5894400000000001,2025-08-01T08:38:41.821186,1,HOLD
ANZ.AX,2025-08-01T08:39:08.441125,0.0156817239966195,0.5868300000000001,52,0.0,59.04258880869429,0.12946632861718044,0.12056727545741823,0.008899053159762207,0.5455607253505995,1.36866050091641,2.6003243565763183,1.6963759403012868,3.095383499415572,0.1414285387311663,4.05350246780965,0.0,20.0,0,0,1,HOLD,0.8164598077988132,0.0,0.5868300000000001,2025-08-01T08:39:08.441125,1,BUY
NAB.AX,2025-08-01T08:39:31.308366,0.021818791852940177,0.58345,44,0.0,49.01951984521752,0.09423758888912204,0.14922682515540953,-0.05498923626628749,-0.2038020959804633,1.1562937801750888,-1.0916238020171751,1.8902260181619601,2.252856135409779,0.1971435546875,6.250316873874076,0.0,20.0,0,0,1,HOLD,0.2085453990734144,0.0,0.58345,2025-08-01T08:39:31.308366,1,HOLD
MQG.AX,2025-08-01T08:39:54.145783,0.0208460056180701,0.5850400000000001,55,0.0,29.212774582964215,-0.7832049966124259,-0.537042619431899,-0.24616237718052691,-0.8163237508849688,-0.7595991392421776,-3.7041672161050303,2.9625877306050845,3.435512847499278,1.1475023542131697,7.538460499247354,0.0,20.0,0,0,1,HOLD,-0.6930126135834372,-1.0,0.5850400000000001,2025-08-01T08:39:54.145783,-1,HOLD
SUN.AX,2025-08-01T08:40:18.487552,0.04021530308663062,0.58208,43,0.0,44.49992752019897,0.035414986908136825,0.06997915959296257,-0.03456417268482574,-0.5657902745306284,0.4338331282237173,-0.9670716252021471,1.873018932491279,4.52039498564559,0.10535717010498047,6.394006798167394,0.0,20.0,0,0,1,HOLD,-3.8032931583268406,-1.0,0.58208,2025-08-01T08:40:18.487552,-1,SELL
QBE.AX,2025-08-01T08:40:44.276585,0.02963964833600695,0.5851200000000001,43,0.0,40.20615110537813,0.020220043717369407,0.05561966646162686,-0.03539962274425745,-0.6507621072025058,0.33561844619676656,-0.01299135436972254,2.248753608399378,4.781287894888175,0.12821456364222936,6.470474791181916,0.0,20.0,0,0,1,HOLD,-3.526960155004937,-1.0,0.5851200000000001,2025-08-01T08:40:44.276585,-1,SELL
CBA.AX,2025-08-01T09:46:36.050051,0.03477351396640547,0.58401,49,0.0,33.15873146907896,0.03325048951191434,0.37016302745339297,-0.33691253794147863,-0.8271033851029589,0.17166259933266143,-2.4544102240273804,2.426110763751002,2.9133008167635377,0.8285718645368304,6.725920530619824,0.0,20.0,0,0,1,SELL,-3.3209880738502027,-1.0,0.58401,2025-08-01T09:46:36.050051,-1,SELL
WBC.AX,2025-08-01T09:47:01.145847,0.02561642246378916,0.58252,46,0.0,38.068196596239034,0.044285805948497625,0.09697617122549512,-0.0526903652769975,-0.339143657654076,0.5583242423480951,-0.3724878125653597,2.338623336690819,1.1975684774459765,0.1496429443359375,5.610423521465825,0.0,20.0,0,0,1,HOLD,-3.8068829327231692,-1.0,0.58252,2025-08-01T09:47:01.145847,-1,SELL
ANZ.AX,2025-08-01T09:47:27.968932,0.01867651179410758,0.5850000000000001,50,0.0,59.04258880869429,0.12946632861718044,0.12056727545741823,0.008899053159762207,0.5455607253505995,1.36866050091641,2.6003243565763183,1.6963759403012868,3.095383499415572,0.1414285387311663,4.05350246780965,0.0,20.0,0,0,1,BUY,-4.284545144487673,-1.0,0.5850000000000001,2025-08-01T09:47:27.968932,-1,SELL
NAB.AX,2025-08-01T09:47:50.503701,0.02163743437215682,0.58559,44,0.0,49.01951984521752,0.09423758888912204,0.14922682515540953,-0.05498923626628749,-0.2038020959804633,1.1562937801750888,-1.0916238020171751,1.8902260181619601,2.252856135409779,0.1971435546875,6.250316873874076,0.0,20.0,0,0,1,BUY,1.9419508474099147,1.0,0.58559,2025-08-01T09:47:50.503701,1,BUY
MQG.AX,2025-08-01T09:48:21.825188,0.008949580916991218,0.58445,55,0.0,29.212774582964215,-0.7832049966124259,-0.537042619431899,-0.24616237718052691,-0.8163237508849688,-0.7595991392421776,-3.7041672161050303,2.9625877306050845,3.435512847499278,1.1475023542131697,7.538460499247354,0.0,20.0,0,0,1,BUY,-3.302732451968998,-1.0,0.58445,2025-08-01T09:48:21.825188,-1,SELL
SUN.AX,2025-08-01T09:48:47.410734,0.04005847067713224,0.58535,43,0.0,44.49992752019897,0.035414986908136825,0.06997915959296257,-0.03456417268482574,-0.5657902745306284,0.4338331282237173,-0.9670716252021471,1.873018932491279,4.52039498564559,0.10535717010498047,6.394006798167394,0.0,20.0,0,0,1,HOLD,0.08786787754717337,1.0,0.58535,2025-08-01T09:48:47.410734,1,HOLD
QBE.AX,2025-08-01T09:49:21.511541,0.029448921655786702,0.58623,43,0.0,40.20615110537813,0.020220043717369407,0.05561966646162686,-0.03539962274425745,-0.6507621072025058,0.33561844619676656,-0.01299135436972254,2.248753608399378,4.781287894888175,0.12821456364222936,6.470474791181916,0.0,20.0,0,0,1,SELL,4.466012622002389,1.0,0.58623,2025-08-01T09:49:21.511541,1,BUY
CBA.AX,2025-08-04T07:34:33.820620,0.16097543979278536,0.7317600000000001,38,0.1100440444017294,28.714300038800758,-0.37094226419804954,-0.20552217623479416,-0.16542008796325539,-0.37304278395084367,0.044776714642299854,-2.2499648055434656,3.4440199341242086,3.4498497827782972,0.8307157244001117,6.393367661769815,0.0,20.0,0,1,0,HOLD,1.8844070006336353,0.0,0.7317600000000001,2025-08-04T07:34:33.820620,1,BUY
WBC.AX,2025-08-04T07:35:33.968480,0.14940895503682827,0.6874300000000001,35,-0.10089454816017317,26.335805618406155,-0.06985032139388636,-0.024984341470366437,-0.04486597992351993,-0.7807519163449135,-0.3523658501215757,-1.1262499854306904,3.319617315538765,3.2699747062802733,0.1496429443359375,5.801261087986196,0.0,20.0,0,1,0,HOLD,1.4008138480579462,0.0,0.6874300000000001,2025-08-04T07:35:33.968480,1,BUY
ANZ.AX,2025-08-04T07:36:37.604867,0.011803352509655963,0.7371200000000001,38,0.1404867354867355,34.72222467508843,-0.002247323151159719,0.05558787845989877,-0.05783520161105849,-0.9613838948404684,-0.2311214078254283,0.7907527104941972,2.0060402836305444,3.9607055938027806,0.16892855507986887,5.148921538064423,0.0,20.0,0,1,0,SELL,0.0,0.0,0.7371200000000001,2025-08-04T07:36:37.604867,0,HOLD
NAB.AX,2025-08-04T07:37:34.184793,0.06622805254934953,0.7316600000000001,31,0.10726335887389019,28.823455493622703,-0.03071573900612634,0.023152133195309486,-0.053867872201435824,-0.5054225418734007,0.26569157007948063,-1.5896693560087902,2.875393600347844,1.747626309507411,0.2132143293108259,6.954266192484241,0.0,20.0,0,1,0,HOLD,1.49097489314507,0.0,0.7316600000000001,2025-08-04T07:37:34.184793,1,BUY
MQG.AX,2025-08-04T07:38:27.394324,0.1865647263576938,0.7394300000000001,40,0.19875999000999,31.370834847365444,-1.0227576454242353,-0.9924309287830928,-0.030326716641142504,-0.37614818920854154,-0.7725808593710112,-3.943265752665295,3.7774203356726725,3.39318233321432,1.165358407156808,8.33120222198426,0.0,20.0,0,1,0,HOLD,1.500633580683501,0.0,0.7394300000000001,2025-08-04T07:38:27.394324,1,BUY
SUN.AX,2025-08-04T07:39:24.515047,0.019535860529343852,0.7397900000000001,32,0.1259823606073606,36.81807620414971,-0.016327580180341528,0.01190281411702094,-0.028230394297362467,-0.434366893063515,0.23272227667454343,-0.913302027530614,2.6711301146511826,0.5127014378358469,0.1132140840802874,7.137497410670428,0.0,20.0,0,1,0,HOLD,0.4854387360093434,0.0,0.7397900000000001,2025-08-04T07:39:24.515047,1,HOLD
QBE.AX,2025-08-04T07:40:29.239403,0.021991898219543993,0.5897500000000001,31,0.1211449032738095,18.777298395828822,-0.10238594469475615,-0.03983930425221958,-0.06254664044253658,-1.6167930366411059,-1.2206005927077224,-1.5232613383110924,4.535107463812008,1.3295752072573257,0.1546429225376674,7.058984014119367,0.0,20.0,0,1,0,HOLD,1.389801958901246,0.0,0.5897500000000001,2025-08-04T07:40:29.239403,1,BUY
CBA.AX,2025-08-04T10:11:30.499363,0.17506572887456417,0.7317200000000001,34,0.1086885013475087,28.714300038800758,-0.37094226419804954,-0.20552217623479416,-0.16542008796325539,-0.37304278395084367,0.044776714642299854,-2.2499648055434656,3.4440199341242086,3.4498497827782972,0.8307157244001117,6.393367661769815,0.0,20.0,1,1,0,HOLD,1.8844070006336353,0.0,0.7317200000000001,2025-08-04T10:11:30.499363,1,BUY
WBC.AX,2025-08-04T10:13:30.907896,0.18426121519478475,0.6859200000000001,28,-0.10089454816017317,26.335805618406155,-0.06985032139388636,-0.024984341470366437,-0.04486597992351993,-0.7807519163449135,-0.3523658501215757,-1.1262499854306904,3.319617315538765,3.2699747062802733,0.1496429443359375,5.801261087986196,0.0,20.0,1,1,0,HOLD,1.4008138480579462,0.0,0.6859200000000001,2025-08-04T10:13:30.907896,1,BUY
ANZ.AX,2025-08-04T10:15:30.013908,0.061457365711911155,0.7360400000000001,32,0.13150309286672923,34.72222467508843,-0.002247323151159719,0.05558787845989877,-0.05783520161105849,-0.9613838948404684,-0.2311214078254283,0.7907527104941972,2.0060402836305444,3.9607055938027806,0.16892855507986887,5.148921538064423,0.0,20.0,1,1,0,SELL,0.0,0.0,0.7360400000000001,2025-08-04T10:15:30.013908,0,HOLD
NAB.AX,2025-08-04T10:16:36.093970,0.1157708740832079,0.73701,24,0.1032878017704221,28.823455493622703,-0.03071573900612634,0.023152133195309486,-0.053867872201435824,-0.5054225418734007,0.26569157007948063,-1.5896693560087902,2.875393600347844,1.747626309507411,0.2132143293108259,6.954266192484241,0.0,20.0,1,1,0,HOLD,1.49097489314507,0.0,0.73701,2025-08-04T10:16:36.093970,1,BUY
MQG.AX,2025-08-04T10:17:30.991330,0.2130572938820364,0.7301300000000001,36,0.19875999000999,31.370834847365444,-1.0227576454242353,-0.9924309287830928,-0.030326716641142504,-0.37614818920854154,-0.7725808593710112,-3.943265752665295,3.7774203356726725,3.39318233321432,1.165358407156808,8.33120222198426,0.0,20.0,1,1,0,HOLD,1.500633580683501,0.0,0.7301300000000001,2025-08-04T10:17:30.991330,1,BUY
SUN.AX,2025-08-04T10:19:31.017218,0.05984939240305337,0.7389300000000001,28,0.1259823606073606,36.81807620414971,-0.016327580180341528,0.01190281411702094,-0.028230394297362467,-0.434366893063515,0.23272227667454343,-0.913302027530614,2.6711301146511826,0.5127014378358469,0.1132140840802874,7.137497410670428,0.0,20.0,1,1,0,HOLD,0.4854387360093434,0.0,0.7389300000000001,2025-08-04T10:19:31.017218,1,HOLD
QBE.AX,2025-08-04T10:20:36.967236,0.0374338650858309,0.5805800000000001,30,0.1211449032738095,18.777298395828822,-0.10238594469475615,-0.03983930425221958,-0.06254664044253658,-1.6167930366411059,-1.2206005927077224,-1.5232613383110924,4.535107463812008,1.3295752072573257,0.1546429225376674,7.058984014119367,0.0,20.0,1,1,0,HOLD,1.389801958901246,0.0,0.5805800000000001,2025-08-04T10:20:36.967236,1,BUY
CBA.AX,2025-08-04T10:46:26.529137,0.1726134045088687,0.7370400000000001,37,0.11102627839014392,28.714300038800758,-0.37094226419804954,-0.20552217623479416,-0.16542008796325539,-0.37304278395084367,0.044776714642299854,-2.2499648055434656,3.4440199341242086,3.4498497827782972,0.8307157244001117,6.393367661769815,0.0,20.0,1,1,0,HOLD,1.8844070006336353,0.0,0.7370400000000001,2025-08-04T10:46:26.529137,1,BUY
WBC.AX,2025-08-04T10:47:25.594293,0.17233033583485127,0.7376300000000001,34,-0.021942176491808837,26.335805618406155,-0.06985032139388636,-0.024984341470366437,-0.04486597992351993,-0.7807519163449135,-0.3523658501215757,-1.1262499854306904,3.319617315538765,3.2699747062802733,0.1496429443359375,5.801261087986196,0.0,20.0,1,1,0,HOLD,1.4008138480579462,0.0,0.7376300000000001,2025-08-04T10:47:25.594293,1,BUY
ANZ.AX,2025-08-04T10:48:22.225994,0.019768441178276322,0.7323500000000001,38,0.13218916578645087,34.72222467508843,-0.002247323151159719,0.05558787845989877,-0.05783520161105849,-0.9613838948404684,-0.2311214078254283,0.7907527104941972,2.0060402836305444,3.9607055938027806,0.16892855507986887,5.148921538064423,0.0,20.0,1,1,0,SELL,0.0,0.0,0.7323500000000001,2025-08-04T10:48:22.225994,0,HOLD
NAB.AX,2025-08-04T10:49:19.741593,0.08038917682742779,0.7360200000000001,30,0.10515493120325053,28.823455493622703,-0.03071573900612634,0.023152133195309486,-0.053867872201435824,-0.5054225418734007,0.26569157007948063,-1.5896693560087902,2.875393600347844,1.747626309507411,0.2132143293108259,6.954266192484241,0.0,20.0,1,1,0,HOLD,1.49097489314507,0.0,0.7360200000000001,2025-08-04T10:49:19.741593,1,BUY
MQG.AX,2025-08-04T10:50:18.954861,0.19719313537267577,0.73984,39,0.19875999000999,31.370834847365444,-1.0227576454242353,-0.9924309287830928,-0.030326716641142504,-0.37614818920854154,-0.7725808593710112,-3.943265752665295,3.7774203356726725,3.39318233321432,1.165358407156808,8.33120222198426,0.0,20.0,1,1,0,HOLD,1.500633580683501,0.0,0.73984,2025-08-04T10:50:18.954861,1,BUY
SUN.AX,2025-08-04T10:51:18.167557,0.03603952369747158,0.73301,31,0.1259823606073606,36.81807620414971,-0.016327580180341528,0.01190281411702094,-0.028230394297362467,-0.434366893063515,0.23272227667454343,-0.913302027530614,2.6711301146511826,0.5127014378358469,0.1132140840802874,7.137497410670428,0.0,20.0,1,1,0,HOLD,0.4854387360093434,0.0,0.73301,2025-08-04T10:51:18.167557,1,HOLD
QBE.AX,2025-08-04T10:52:14.151250,0.03746983555243377,0.5833800000000001,30,0.1211449032738095,18.777298395828822,-0.10238594469475615,-0.03983930425221958,-0.06254664044253658,-1.6167930366411059,-1.2206005927077224,-1.5232613383110924,4.535107463812008,1.3295752072573257,0.1546429225376674,7.058984014119367,0.0,20.0,1,1,0,HOLD,1.389801958901246,0.0,0.5833800000000001,2025-08-04T10:52:14.151250,1,BUY
CBA.AX,2025-08-04T11:09:53.765084,0.17444886974052226,0.7321200000000001,37,0.11102627839014392,28.714300038800758,-0.37094226419804954,-0.20552217623479416,-0.16542008796325539,-0.37304278395084367,0.044776714642299854,-2.2499648055434656,3.4440199341242086,3.4498497827782972,0.8307157244001117,6.393367661769815,0.0,20.0,1,1,0,HOLD,1.8844070006336353,0.0,0.7321200000000001,2025-08-04T11:09:53.765084,1,BUY
WBC.AX,2025-08-04T11:10:43.108313,0.1721047493087809,0.7336100000000001,34,-0.021942176491808837,26.335805618406155,-0.06985032139388636,-0.024984341470366437,-0.04486597992351993,-0.7807519163449135,-0.3523658501215757,-1.1262499854306904,3.319617315538765,3.2699747062802733,0.1496429443359375,5.801261087986196,0.0,20.0,1,1,0,HOLD,1.4008138480579462,0.0,0.7336100000000001,2025-08-04T11:10:43.108313,1,BUY
ANZ.AX,2025-08-04T11:11:36.996272,0.019760058390252414,0.7310500000000001,38,0.13218916578645087,34.72222467508843,-0.002247323151159719,0.05558787845989877,-0.05783520161105849,-0.9613838948404684,-0.2311214078254283,0.7907527104941972,2.0060402836305444,3.9607055938027806,0.16892855507986887,5.148921538064423,0.0,20.0,1,1,0,SELL,0.0,0.0,0.7310500000000001,2025-08-04T11:11:36.996272,0,HOLD
NAB.AX,2025-08-04T11:12:28.974031,0.08034229508691314,0.73423,30,0.10515493120325053,28.823455493622703,-0.03071573900612634,0.023152133195309486,-0.053867872201435824,-0.5054225418734007,0.26569157007948063,-1.5896693560087902,2.875393600347844,1.747626309507411,0.2132143293108259,6.954266192484241,0.0,20.0,1,1,0,HOLD,1.49097489314507,0.0,0.73423,2025-08-04T11:12:28.974031,1,BUY
MQG.AX,2025-08-04T11:13:14.679288,0.18977566482474384,0.7374,39,0.19875999000999,31.370834847365444,-1.0227576454242353,-0.9924309287830928,-0.030326716641142504,-0.37614818920854154,-0.7725808593710112,-3.943265752665295,3.7774203356726725,3.39318233321432,1.165358407156808,8.33120222198426,0.0,20.0,1,1,0,HOLD,1.500633580683501,0.0,0.7374,2025-08-04T11:13:14.679288,1,BUY
SUN.AX,2025-08-04T11:14:06.628350,0.036118270524726104,0.7397100000000001,31,0.1259823606073606,36.81807620414971,-0.016327580180341528,0.01190281411702094,-0.028230394297362467,-0.434366893063515,0.23272227667454343,-0.913302027530614,2.6711301146511826,0.5127014378358469,0.1132140840802874,7.137497410670428,0.0,20.0,1,1,0,HOLD,0.4854387360093434,0.0,0.7397100000000001,2025-08-04T11:14:06.628350,1,HOLD
QBE.AX,2025-08-04T11:15:07.416615,0.03752122193329502,0.5873800000000001,30,0.1211449032738095,18.777298395828822,-0.10238594469475615,-0.03983930425221958,-0.06254664044253658,-1.6167930366411059,-1.2206005927077224,-1.5232613383110924,4.535107463812008,1.3295752072573257,0.1546429225376674,7.058984014119367,0.0,20.0,1,1,0,HOLD,1.389801958901246,0.0,0.5873800000000001,2025-08-04T11:15:07.416615,1,BUY
CBA.AX,2025-08-04T11:21:47.370460,0.214,0.9199999999999999,5,0.01999999999999999,28.714300038800758,-0.37094226419804954,-0.20552217623479416,-0.16542008796325539,-0.37304278395084367,0.044776714642299854,-2.2499648055434656,3.4440199341242086,3.4498497827782972,0.8307157244001117,6.393367661769815,0.0,20.0,1,1,0,HOLD,1.8844070006336353,0.0,0.9199999999999999,2025-08-04T11:21:47.370460,1,BUY
ANZ.AX,2025-08-04T11:21:47.519462,0.22199999999999998,0.96,4,0.06,34.72222467508843,-0.002247323151159719,0.05558787845989877,-0.05783520161105849,-0.9613838948404684,-0.2311214078254283,0.7907527104941972,2.0060402836305444,3.9607055938027806,0.16892855507986887,5.148921538064423,0.0,20.0,1,1,0,SELL,0.0,0.0,0.96,2025-08-04T11:21:47.519462,0,HOLD
WBC.AX,2025-08-04T11:21:47.672954,0.33599999999999997,0.9299999999999999,6,0.03,26.335805618406155,-0.06985032139388636,-0.024984341470366437,-0.04486597992351993,-0.7807519163449135,-0.3523658501215757,-1.1262499854306904,3.319617315538765,3.2699747062802733,0.1496429443359375,5.801261087986196,0.0,20.0,1,1,0,HOLD,1.4008138480579462,0.0,0.9299999999999999,2025-08-04T11:21:47.672954,1,BUY
NAB.AX,2025-08-04T11:21:48.067501,0.208,0.8899999999999999,7,-0.010000000000000009,28.823455493622703,-0.03071573900612634,0.023152133195309486,-0.053867872201435824,-0.5054225418734007,0.26569157007948063,-1.5896693560087902,2.875393600347844,1.747626309507411,0.2132143293108259,6.954266192484241,0.0,20.0,1,1,0,HOLD,1.49097489314507,0.0,0.8899999999999999,2025-08-04T11:21:48.067501,1,BUY
CBA.AX,2025-08-04T11:23:44.631112,0.17236660297578893,0.7326500000000001,37,0.11102627839014392,28.714300038800758,-0.37094226419804954,-0.20552217623479416,-0.16542008796325539,-0.37304278395084367,0.044776714642299854,-2.2499648055434656,3.4440199341242086,3.4498497827782972,0.8307157244001117,6.393367661769815,0.0,20.0,1,1,0,HOLD,1.8844070006336353,0.0,0.7326500000000001,2025-08-04T11:23:44.631112,1,BUY
WBC.AX,2025-08-04T11:24:34.649435,0.17225514032616115,0.7362900000000001,34,-0.021942176491808837,26.335805618406155,-0.06985032139388636,-0.024984341470366437,-0.04486597992351993,-0.7807519163449135,-0.3523658501215757,-1.1262499854306904,3.319617315538765,3.2699747062802733,0.1496429443359375,5.801261087986196,0.0,20.0,1,1,0,HOLD,1.4008138480579462,0.0,0.7362900000000001,2025-08-04T11:24:34.649435,1,BUY
ANZ.AX,2025-08-04T11:25:24.194947,0.019780370530464192,0.7342000000000001,38,0.13218916578645087,34.72222467508843,-0.002247323151159719,0.05558787845989877,-0.05783520161105849,-0.9613838948404684,-0.2311214078254283,0.7907527104941972,2.0060402836305444,3.9607055938027806,0.16892855507986887,5.148921538064423,0.0,20.0,1,1,0,SELL,0.0,0.0,0.7342000000000001,2025-08-04T11:25:24.194947,0,HOLD
NAB.AX,2025-08-04T11:26:16.637782,0.0802571746083251,0.7309800000000001,30,0.10515493120325053,28.823455493622703,-0.03071573900612634,0.023152133195309486,-0.053867872201435824,-0.5054225418734007,0.26569157007948063,-1.5896693560087902,2.875393600347844,1.747626309507411,0.2132143293108259,6.954266192484241,0.0,20.0,1,1,0,HOLD,1.49097489314507,0.0,0.7309800000000001,2025-08-04T11:26:16.637782,1,BUY
MQG.AX,2025-08-04T11:27:02.476950,0.19681968945102182,0.7340200000000001,39,0.19875999000999,31.370834847365444,-1.0227576454242353,-0.9924309287830928,-0.030326716641142504,-0.37614818920854154,-0.7725808593710112,-3.943265752665295,3.7774203356726725,3.39318233321432,1.165358407156808,8.33120222198426,0.0,20.0,1,1,0,HOLD,1.500633580683501,0.0,0.7340200000000001,2025-08-04T11:27:02.476950,1,BUY
SUN.AX,2025-08-04T11:27:58.302093,0.03603705551333375,0.7328000000000001,31,0.1259823606073606,36.81807620414971,-0.016327580180341528,0.01190281411702094,-0.028230394297362467,-0.434366893063515,0.23272227667454343,-0.913302027530614,2.6711301146511826,0.5127014378358469,0.1132140840802874,7.137497410670428,0.0,20.0,1,1,0,HOLD,0.4854387360093434,0.0,0.7328000000000001,2025-08-04T11:27:58.302093,1,HOLD
QBE.AX,2025-08-04T11:28:43.238282,0.03744696861295052,0.5816000000000001,30,0.1211449032738095,18.777298395828822,-0.10238594469475615,-0.03983930425221958,-0.06254664044253658,-1.6167930366411059,-1.2206005927077224,-1.5232613383110924,4.535107463812008,1.3295752072573257,0.1546429225376674,7.058984014119367,0.0,20.0,1,1,0,HOLD,1.389801958901246,0.0,0.5816000000000001,2025-08-04T11:28:43.238282,1,BUY
CBA.AX,2025-08-04T11:36:19.215059,0.17236322983410673,0.7325900000000001,37,0.11102627839014392,28.714300038800758,-0.37094226419804954,-0.20552217623479416,-0.16542008796325539,-0.37304278395084367,0.044776714642299854,-2.2499648055434656,3.4440199341242086,3.4498497827782972,0.8307157244001117,6.393367661769815,0.0,20.0,1,1,0,HOLD,1.8844070006336353,0.0,0.7325900000000001,2025-08-04T11:36:19.215059,1,BUY
WBC.AX,2025-08-04T11:37:05.882520,0.17245771927121437,0.7399000000000001,34,-0.021942176491808837,26.335805618406155,-0.06985032139388636,-0.024984341470366437,-0.04486597992351993,-0.7807519163449135,-0.3523658501215757,-1.1262499854306904,3.319617315538765,3.2699747062802733,0.1496429443359375,5.801261087986196,0.0,20.0,1,1,0,HOLD,1.4008138480579462,0.0,0.7399000000000001,2025-08-04T11:37:05.882520,1,BUY
ANZ.AX,2025-08-04T11:37:54.203233,0.019812869954803032,0.7392400000000001,38,0.13218916578645087,34.72222467508843,-0.002247323151159719,0.05558787845989877,-0.05783520161105849,-0.9613838948404684,-0.2311214078254283,0.7907527104941972,2.0060402836305444,3.9607055938027806,0.16892855507986887,5.148921538064423,0.0,20.0,1,1,0,SELL,0.0,0.0,0.7392400000000001,2025-08-04T11:37:54.203233,0,HOLD
NAB.AX,2025-08-04T11:38:41.052864,0.08026346042828238,0.7312200000000001,30,0.10515493120325053,28.823455493622703,-0.03071573900612634,0.023152133195309486,-0.053867872201435824,-0.5054225418734007,0.26569157007948063,-1.5896693560087902,2.875393600347844,1.747626309507411,0.2132143293108259,6.954266192484241,0.0,20.0,1,1,0,HOLD,1.49097489314507,0.0,0.7312200000000001,2025-08-04T11:38:41.052864,1,BUY
MQG.AX,2025-08-04T11:39:26.453996,0.19678632314874345,0.7335,39,0.19875999000999,31.370834847365444,-1.0227576454242353,-0.9924309287830928,-0.030326716641142504,-0.37614818920854154,-0.7725808593710112,-3.943265752665295,3.7774203356726725,3.39318233321432,1.165358407156808,8.33120222198426,0.0,20.0,1,1,0,HOLD,1.500633580683501,0.0,0.7335,2025-08-04T11:39:26.453996,1,BUY
SUN.AX,2025-08-04T11:40:23.414436,0.036079014643676834,0.7363700000000001,31,0.1259823606073606,36.81807620414971,-0.016327580180341528,0.01190281411702094,-0.028230394297362467,-0.434366893063515,0.23272227667454343,-0.913302027530614,2.6711301146511826,0.5127014378358469,0.1132140840802874,7.137497410670428,0.0,20.0,1,1,0,HOLD,0.4854387360093434,0.0,0.7363700000000001,2025-08-04T11:40:23.414436,1,HOLD
QBE.AX,2025-08-04T11:41:08.959484,0.03754498813444334,0.58923,30,0.1211449032738095,18.777298395828822,-0.10238594469475615,-0.03983930425221958,-0.06254664044253658,-1.6167930366411059,-1.2206005927077224,-1.5232613383110924,4.535107463812008,1.3295752072573257,0.1546429225376674,7.058984014119367,0.0,20.0,1,1,0,HOLD,1.389801958901246,0.0,0.58923,2025-08-04T11:41:08.959484,1,BUY
CBA.AX,2025-08-04T11:57:20.292401,0.19130591555268403,0.7393900000000001,36,0.11102627839014392,28.714300038800758,-0.37094226419804954,-0.20552217623479416,-0.16542008796325539,-0.37304278395084367,0.044776714642299854,-2.2499648055434656,3.4440199341242086,3.4498497827782972,0.8307157244001117,6.393367661769815,0.0,20.0,1,1,0,HOLD,1.8844070006336353,0.0,0.7393900000000001,2025-08-04T11:57:20.292401,1,BUY
WBC.AX,2025-08-04T11:58:10.709865,0.1914788386662755,0.7388300000000001,33,-0.021942176491808837,26.335805618406155,-0.06985032139388636,-0.024984341470366437,-0.04486597992351993,-0.7807519163449135,-0.3523658501215757,-1.1262499854306904,3.319617315538765,3.2699747062802733,0.1496429443359375,5.801261087986196,0.0,20.0,1,1,0,HOLD,1.4008138480579462,0.0,0.7388300000000001,2025-08-04T11:58:10.709865,1,BUY
ANZ.AX,2025-08-04T11:58:59.398903,0.04794886226626385,0.73784,37,0.13218916578645087,34.72222467508843,-0.002247323151159719,0.05558787845989877,-0.05783520161105849,-0.9613838948404684,-0.2311214078254283,0.7907527104941972,2.0060402836305444,3.9607055938027806,0.16892855507986887,5.148921538064423,0.0,20.0,1,1,0,SELL,0.0,0.0,0.73784,2025-08-04T11:58:59.398903,0,HOLD
NAB.AX,2025-08-04T11:59:48.436005,0.10198197308432305,0.7345100000000001,29,0.10515493120325053,28.823455493622703,-0.03071573900612634,0.023152133195309486,-0.053867872201435824,-0.5054225418734007,0.26569157007948063,-1.5896693560087902,2.875393600347844,1.747626309507411,0.2132143293108259,6.954266192484241,0.0,20.0,1,1,0,HOLD,1.49097489314507,0.0,0.7345100000000001,2025-08-04T11:59:48.436005,1,BUY
MQG.AX,2025-08-04T12:00:51.817196,0.21201259598547503,0.7378600000000001,38,0.19875999000999,31.370834847365444,-1.0227576454242353,-0.9924309287830928,-0.030326716641142504,-0.37614818920854154,-0.7725808593710112,-3.943265752665295,3.7774203356726725,3.39318233321432,1.165358407156808,8.33120222198426,0.0,20.0,1,1,0,BUY,1.9867247807806105,0.0,0.7378600000000001,2025-08-04T12:00:51.817196,1,BUY
SUN.AX,2025-08-04T12:01:41.216774,0.060732426408925295,0.7367700000000001,30,0.1259823606073606,36.81807620414971,-0.016327580180341528,0.01190281411702094,-0.028230394297362467,-0.434366893063515,0.23272227667454343,-0.913302027530614,2.6711301146511826,0.5127014378358469,0.1132140840802874,7.137497410670428,0.0,20.0,1,1,0,HOLD,1.1236026248174298,0.0,0.7367700000000001,2025-08-04T12:01:41.216774,1,BUY
QBE.AX,2025-08-04T12:02:31.656610,0.05906931253324496,0.5854800000000001,29,0.1211449032738095,18.777298395828822,-0.10238594469475615,-0.03983930425221958,-0.06254664044253658,-1.6167930366411059,-1.2206005927077224,-1.5232613383110924,4.535107463812008,1.3295752072573257,0.1546429225376674,7.058984014119367,0.0,20.0,1,1,0,HOLD,1.7714775016908924,0.0,0.5854800000000001,2025-08-04T12:02:31.656610,1,BUY
CBA.AX,2025-08-04T12:09:26.462585,0.19954139889305442,0.7395700000000001,36,0.11102627839014392,28.714300038800758,-0.37094226419804954,-0.20552217623479416,-0.16542008796325539,-0.37304278395084367,0.044776714642299854,-2.2499648055434656,3.4440199341242086,3.4498497827782972,0.8307157244001117,6.393367661769815,0.0,20.0,1,1,0,HOLD,2.107326011316526,0.0,0.7395700000000001,2025-08-04T12:09:26.462585,1,BUY
CBA.AX,2025-08-05T08:35:48.769005,0.19364078315059716,0.7386000000000001,40,0.12216606975145874,69.7916225151528,0.43075714507526186,0.12092255606459397,0.3098345890106679,1.109644505175352,1.0714100610477617,-0.6235703254815937,2.7885448745412877,2.1739567037176144,0.7685721261160714,4.400689092883617,0.0,20.0,0,0,0,HOLD,1.6922178445509832,0.0,0.7386000000000001,2025-08-05T08:35:48.769005,1,BUY
WBC.AX,2025-08-05T08:36:56.728877,0.15982100799431992,0.7373000000000001,40,0.010784161447968649,58.60656506594458,0.03131139212563738,-0.004275732745037682,0.035587124870675065,0.8675316903197172,0.8282535283867367,0.3483569654988258,1.9181453654867553,3.853691251863476,0.13964271545410156,5.169029553849957,0.0,20.0,0,0,0,HOLD,1.193678143582207,0.0,0.7373000000000001,2025-08-05T08:36:56.728877,1,BUY
ANZ.AX,2025-08-05T08:37:58.663802,0.029422225245602455,0.7325,45,0.1278053985774574,48.16510229650939,0.06345705400753232,0.048873926277960056,0.014583127729572265,0.39075151309000133,0.9542023310735047,2.0528070710125133,2.120647277738479,2.340014329823615,0.15714291163853236,6.162616315849684,0.0,20.0,0,0,0,HOLD,0.4555850930119537,0.0,0.7325,2025-08-05T08:37:58.663802,1,HOLD
NAB.AX,2025-08-05T08:38:56.574447,0.23019451219481368,0.7306400000000001,35,0.10706516012347655,60.46517301490842,0.12952973252894395,0.07824910607630592,0.051280626452638034,1.0482442450215779,1.3819811439161958,0.10035631563159804,2.890917875915096,1.7931995429151675,0.21035712105887278,6.873629354397062,0.0,20.0,0,0,0,HOLD,0.5934039393541843,0.0,0.7306400000000001,2025-08-05T08:38:56.574447,1,HOLD
MQG.AX,2025-08-05T08:40:01.087883,0.1865297615472575,0.73311,46,0.185941215647098,56.61613297000037,0.004530645476592099,-0.38856254779501426,0.39309319327160636,0.7280988889001223,0.06014936034436155,-3.0425165755186105,2.5707446817903112,3.043801587510878,1.0242854527064733,5.713473882507851,0.0,20.0,0,0,0,HOLD,0.5697499206561439,0.0,0.73311,2025-08-05T08:40:01.087883,1,HOLD
SUN.AX,2025-08-05T08:41:05.233052,0.033977326789295735,0.68771,36,0.04282744107744109,52.777842533468686,0.025501585552941464,0.01622059491704846,0.009280990635893004,0.10639708710100142,0.27612620422230005,-0.3990018777301545,1.8677079785406976,4.883832815822691,0.10607147216796875,6.314664071849953,0.0,20.0,0,0,0,HOLD,0.7464516792751617,0.0,0.68771,2025-08-05T08:41:05.233052,1,HOLD
QBE.AX,2025-08-05T08:42:06.286395,0.04128717174422908,0.6365300000000002,37,0.08497721354166665,53.70371351520321,-0.012279683398308094,-0.05238533599370467,0.04010565259539658,1.0165364263759558,0.5966606158735496,0.5570436266331412,3.1626752900981705,4.126507226830265,0.14785684858049666,6.81434323452043,0.0,20.0,0,0,0,HOLD,2.7563396737781822,0.0,0.6365300000000002,2025-08-05T08:42:06.286395,1,BUY
CBA.AX,2025-08-05T11:41:37.870088,0.14456017206686356,0.7375400000000001,47,0.12216606975145874,69.7916225151528,0.43075714507526186,0.12092255606459397,0.3098345890106679,1.109644505175352,1.0714100610477617,-0.6235703254815937,2.7885448745412877,2.1739567037176144,0.7685721261160714,4.400689092883617,0.0,20.0,1,0,0,HOLD,1.6922178445509832,0.0,0.7375400000000001,2025-08-05T11:41:37.870088,1,BUY
WBC.AX,2025-08-05T11:42:39.506163,0.10586446099572622,0.7338800000000001,45,0.00024172410634349238,58.60656506594458,0.03131139212563738,-0.004275732745037682,0.035587124870675065,0.8675316903197172,0.8282535283867367,0.3483569654988258,1.9181453654867553,3.853691251863476,0.13964271545410156,5.169029553849957,0.0,20.0,1,0,0,HOLD,1.193678143582207,0.0,0.7338800000000001,2025-08-05T11:42:39.506163,1,BUY
ANZ.AX,2025-08-05T11:43:39.260322,-0.046029387924408735,0.7327000000000001,49,0.1278053985774574,48.16510229650939,0.06345705400753232,0.048873926277960056,0.014583127729572265,0.39075151309000133,0.9542023310735047,2.0528070710125133,2.120647277738479,2.340014329823615,0.15714291163853236,6.162616315849684,0.0,20.0,1,0,0,HOLD,0.4555850930119537,0.0,0.7327000000000001,2025-08-05T11:43:39.260322,1,HOLD
NAB.AX,2025-08-05T11:44:40.440185,0.17930914378216437,0.7359000000000001,40,0.1067869197432923,60.46517301490842,0.12952973252894395,0.07824910607630592,0.051280626452638034,1.0482442450215779,1.3819811439161958,0.10035631563159804,2.890917875915096,1.7931995429151675,0.21035712105887278,6.873629354397062,0.0,20.0,1,0,0,HOLD,0.5934039393541843,0.0,0.7359000000000001,2025-08-05T11:44:40.440185,1,HOLD
MQG.AX,2025-08-05T11:45:44.455672,0.11396951847333914,0.7389100000000001,51,0.185941215647098,56.61613297000037,0.004530645476592099,-0.38856254779501426,0.39309319327160636,0.7280988889001223,0.06014936034436155,-3.0425165755186105,2.5707446817903112,3.043801587510878,1.0242854527064733,5.713473882507851,0.0,20.0,1,0,0,HOLD,0.5697499206561439,0.0,0.7389100000000001,2025-08-05T11:45:44.455672,1,HOLD
SUN.AX,2025-08-05T11:46:48.977744,-0.027630678576994326,0.6898200000000001,41,0.04282744107744109,52.777842533468686,0.025501585552941464,0.01622059491704846,0.009280990635893004,0.10639708710100142,0.27612620422230005,-0.3990018777301545,1.8677079785406976,4.883832815822691,0.10607147216796875,6.314664071849953,0.0,20.0,1,0,0,HOLD,0.7464516792751617,0.0,0.6898200000000001,2025-08-05T11:46:48.977744,1,HOLD
QBE.AX,2025-08-05T11:47:50.084278,-0.01235036321330202,0.6316900000000001,42,0.08497721354166665,53.70371351520321,-0.012279683398308094,-0.05238533599370467,0.04010565259539658,1.0165364263759558,0.5966606158735496,0.5570436266331412,3.1626752900981705,4.126507226830265,0.14785684858049666,6.81434323452043,0.0,20.0,1,0,0,BUY,2.7563396737781822,0.0,0.6316900000000001,2025-08-05T11:47:50.084278,1,BUY
CBA.AX,2025-08-06T07:45:50.288415,0.19001387150553398,0.7348500000000001,40,0.09001137863713929,77.92735345519814,0.9339091062612965,0.6901286636292056,0.24378044263209098,1.3582457844491767,1.6806158708554226,0.5820915391368281,4.38997799264123,3.0334414833525427,0.9235730852399554,5.620437823553409,0.0,20.0,0,0,0,HOLD,-0.6026459408480773,0.0,0.7348500000000001,2025-08-06T07:45:50.288415,-1,HOLD
WBC.AX,2025-08-06T07:46:51.228152,0.1725340177707253,0.7390700000000001,38,0.00024172410634349238,79.33864235362364,0.1255798633375491,0.08303934745067669,0.042540515886872424,1.143870995020137,1.27829865476674,1.1647669159401595,3.346861178805158,3.458164467437526,0.14999961853027344,5.1167833700460035,0.0,20.0,0,0,0,HOLD,0.2211433316079182,0.0,0.7390700000000001,2025-08-06T07:46:51.228152,1,HOLD
ANZ.AX,2025-08-06T07:47:54.841189,0.05393756071963204,0.7396100000000001,41,0.17130236774844618,72.01845056546853,0.06624521685506579,0.06549395244631244,0.0007512644087533521,0.4694784474881407,0.8316104590049291,2.041156429930755,2.2936130947016786,2.9563811338574926,0.13178580147879465,6.927022544261398,0.0,20.0,0,0,0,HOLD,-0.2737992965450049,0.0,0.7396100000000001,2025-08-06T07:47:54.841189,-1,HOLD
NAB.AX,2025-08-06T07:49:07.209554,0.23930732974030947,0.7325400000000001,33,0.09338823200047758,77.39752513534415,0.1626661035726542,0.13732464115215035,0.025341462420503863,1.0443978189386516,1.4582555248092277,0.6828867168748445,3.595103135845775,2.881370581073529,0.1732145036969866,6.619140463668047,0.0,20.0,0,0,0,HOLD,-0.2569333988326947,0.0,0.7325400000000001,2025-08-06T07:49:07.209554,-1,HOLD
MQG.AX,2025-08-06T07:50:11.301292,0.2081248278456529,0.7301100000000001,45,0.20601353672782244,68.0279678942533,0.2682350926730237,0.02557525209261865,0.24265984058040505,0.9659763192612559,0.6553781208970748,-2.489489505077264,2.887058073427187,2.8717920201160987,1.0414276123046875,5.348420732890619,0.0,20.0,0,0,0,HOLD,-0.3947457838144308,0.0,0.7301100000000001,2025-08-06T07:50:11.301292,-1,HOLD
SUN.AX,2025-08-06T07:51:39.883890,0.02362785133257551,0.68198,34,-0.10890101410934744,69.93467637379077,0.05727606118349726,0.03800082730872193,0.01927523387477533,1.0193596381641212,1.1250039204937055,0.8282726096929189,2.4802902143187584,2.10710532192666,0.10535689762660436,5.583181242701879,0.0,20.0,0,0,0,HOLD,1.0592166995945254,0.0,0.68198,2025-08-06T07:51:39.883890,1,BUY
QBE.AX,2025-08-06T07:52:55.000840,0.06066507824597892,0.58745,35,0.04880952380952381,88.46160899977625,0.1164178469498367,0.04844618684640573,0.06797166010343098,2.1263548360017976,1.8199265749112785,2.101214568063793,5.228731420746231,2.9531033656514203,0.12678541455950057,7.2241000104251,0.0,20.0,0,0,0,HOLD,1.1647991984857067,0.0,0.58745,2025-08-06T07:52:55.000840,1,BUY
CBA.AX,2025-08-06T10:49:31.813946,0.1940242600195811,0.7315300000000001,39,0.09468461046034575,77.92735345519814,0.9339091062612965,0.6901286636292056,0.24378044263209098,1.3582457844491767,1.6806158708554226,0.5820915391368281,4.38997799264123,3.0334414833525427,0.9235730852399554,5.620437823553409,0.0,20.0,1,0,0,HOLD,-0.6026459408480773,0.0,0.7315300000000001,2025-08-06T10:49:31.813946,-1,HOLD
WBC.AX,2025-08-06T10:50:39.727605,0.1734202658142309,0.7323100000000001,38,0.00024172410634349238,79.33864235362364,0.1255798633375491,0.08303934745067669,0.042540515886872424,1.143870995020137,1.27829865476674,1.1647669159401595,3.346861178805158,3.458164467437526,0.14999961853027344,5.1167833700460035,0.0,20.0,1,0,0,HOLD,0.2211433316079182,0.0,0.7323100000000001,2025-08-06T10:50:39.727605,1,HOLD
ANZ.AX,2025-08-06T10:51:44.475917,0.0645361707197409,0.7338500000000001,41,0.17130236774844618,72.01845056546853,0.06624521685506579,0.06549395244631244,0.0007512644087533521,0.4694784474881407,0.8316104590049291,2.041156429930755,2.2936130947016786,2.9563811338574926,0.13178580147879465,6.927022544261398,0.0,20.0,1,0,0,HOLD,-0.2737992965450049,0.0,0.7338500000000001,2025-08-06T10:51:44.475917,-1,HOLD
NAB.AX,2025-08-06T10:52:43.363017,0.24172858573105077,0.7310700000000001,33,0.09990984557760134,77.39752513534415,0.1626661035726542,0.13732464115215035,0.025341462420503863,1.0443978189386516,1.4582555248092277,0.6828867168748445,3.595103135845775,2.881370581073529,0.1732145036969866,6.619140463668047,0.0,20.0,1,0,0,HOLD,-0.2569333988326947,0.0,0.7310700000000001,2025-08-06T10:52:43.363017,-1,HOLD
MQG.AX,2025-08-06T10:53:44.887533,0.19923922350012546,0.7305900000000001,45,0.2093745390412057,68.0279678942533,0.2682350926730237,0.02557525209261865,0.24265984058040505,0.9659763192612559,0.6553781208970748,-2.489489505077264,2.887058073427187,2.8717920201160987,1.0414276123046875,5.348420732890619,0.0,20.0,1,0,0,HOLD,-0.3947457838144308,0.0,0.7305900000000001,2025-08-06T10:53:44.887533,-1,HOLD
SUN.AX,2025-08-06T10:54:46.450064,0.023375517751612743,0.6841700000000001,34,-0.10890101410934744,69.93467637379077,0.05727606118349726,0.03800082730872193,0.01927523387477533,1.0193596381641212,1.1250039204937055,0.8282726096929189,2.4802902143187584,2.10710532192666,0.10535689762660436,5.583181242701879,0.0,20.0,1,0,0,HOLD,1.0592166995945254,0.0,0.6841700000000001,2025-08-06T10:54:46.450064,1,BUY
QBE.AX,2025-08-06T10:55:44.003523,0.06043605237713703,0.58774,35,0.04880952380952381,88.46160899977625,0.1164178469498367,0.04844618684640573,0.06797166010343098,2.1263548360017976,1.8199265749112785,2.101214568063793,5.228731420746231,2.9531033656514203,0.12678541455950057,7.2241000104251,0.0,20.0,1,0,0,HOLD,1.1647991984857067,0.0,0.58774,2025-08-06T10:55:44.003523,1,BUY
CBA.AX,2025-08-06T11:17:15.620735,0.19163402882010902,0.7366500000000001,40,0.09468461046034575,77.92735345519814,0.9339091062612965,0.6901286636292056,0.24378044263209098,1.3582457844491767,1.6806158708554226,0.5820915391368281,4.38997799264123,3.0334414833525427,0.9235730852399554,5.620437823553409,0.0,20.0,1,0,0,HOLD,-0.6026459408480773,0.0,0.7366500000000001,2025-08-06T11:17:15.620735,-1,HOLD
WBC.AX,2025-08-06T11:18:18.344011,0.17293874135787402,0.7355500000000001,39,0.00024172410634349238,79.33864235362364,0.1255798633375491,0.08303934745067669,0.042540515886872424,1.143870995020137,1.27829865476674,1.1647669159401595,3.346861178805158,3.458164467437526,0.14999961853027344,5.1167833700460035,0.0,20.0,1,0,0,HOLD,0.2211433316079182,0.0,0.7355500000000001,2025-08-06T11:18:18.344011,1,HOLD
ANZ.AX,2025-08-06T11:19:16.718983,0.06463022335754125,0.7383200000000001,41,0.17130236774844618,72.01845056546853,0.06624521685506579,0.06549395244631244,0.0007512644087533521,0.4694784474881407,0.8316104590049291,2.041156429930755,2.2936130947016786,2.9563811338574926,0.13178580147879465,6.927022544261398,0.0,20.0,1,0,0,HOLD,-0.2737992965450049,0.0,0.7383200000000001,2025-08-06T11:19:16.718983,-1,HOLD
NAB.AX,2025-08-06T11:20:55.248233,0.24210012351996016,0.7357800000000001,33,0.09990984557760134,77.39752513534415,0.1626661035726542,0.13732464115215035,0.025341462420503863,1.0443978189386516,1.4582555248092277,0.6828867168748445,3.595103135845775,2.881370581073529,0.1732145036969866,6.619140463668047,0.0,20.0,1,0,0,HOLD,-0.2569333988326947,0.0,0.7357800000000001,2025-08-06T11:20:55.248233,-1,HOLD
MQG.AX,2025-08-06T11:22:04.569451,0.19931530565562822,0.7317600000000001,45,0.2093745390412057,68.0279678942533,0.2682350926730237,0.02557525209261865,0.24265984058040505,0.9659763192612559,0.6553781208970748,-2.489489505077264,2.887058073427187,2.8717920201160987,1.0414276123046875,5.348420732890619,0.0,20.0,1,0,0,HOLD,-0.3947457838144308,0.0,0.7317600000000001,2025-08-06T11:22:04.569451,-1,HOLD
SUN.AX,2025-08-06T11:23:17.653828,0.023361031531262084,0.6823,34,-0.10890101410934744,69.93467637379077,0.05727606118349726,0.03800082730872193,0.01927523387477533,1.0193596381641212,1.1250039204937055,0.8282726096929189,2.4802902143187584,2.10710532192666,0.10535689762660436,5.583181242701879,0.0,20.0,1,0,0,HOLD,1.0592166995945254,0.0,0.6823,2025-08-06T11:23:17.653828,1,BUY
QBE.AX,2025-08-06T11:24:39.569830,0.06037274197744124,0.5846800000000001,35,0.04880952380952381,88.46160899977625,0.1164178469498367,0.04844618684640573,0.06797166010343098,2.1263548360017976,1.8199265749112785,2.101214568063793,5.228731420746231,2.9531033656514203,0.12678541455950057,7.2241000104251,0.0,20.0,1,0,0,HOLD,1.1647991984857067,0.0,0.5846800000000001,2025-08-06T11:24:39.569830,1,BUY
CBA.AX,2025-08-06T11:38:24.775997,0.19075487873609603,0.7331400000000001,40,0.09071714308075789,77.92735345519814,0.9339091062612965,0.6901286636292056,0.24378044263209098,1.3582457844491767,1.6806158708554226,0.5820915391368281,4.38997799264123,3.0334414833525427,0.9235730852399554,5.620437823553409,0.0,20.0,1,0,0,HOLD,-0.6026459408480773,0.0,0.7331400000000001,2025-08-06T11:38:24.775997,-1,HOLD
WBC.AX,2025-08-06T11:39:36.451516,0.17266205139353286,0.7306400000000001,39,0.00024172410634349238,79.33864235362364,0.1255798633375491,0.08303934745067669,0.042540515886872424,1.143870995020137,1.27829865476674,1.1647669159401595,3.346861178805158,3.458164467437526,0.14999961853027344,5.1167833700460035,0.0,20.0,1,0,0,HOLD,0.2211433316079182,0.0,0.7306400000000001,2025-08-06T11:39:36.451516,1,HOLD
CBA.AX,2025-08-06T11:40:09.508512,0.19058132232329814,0.73035,40,0.09071714308075789,77.92735345519814,0.9339091062612965,0.6901286636292056,0.24378044263209098,1.3582457844491767,1.6806158708554226,0.5820915391368281,4.38997799264123,3.0334414833525427,0.9235730852399554,5.620437823553409,0.0,20.0,1,0,0,HOLD,-0.6026459408480773,0.0,0.73035,2025-08-06T11:40:09.508512,-1,HOLD
ANZ.AX,2025-08-06T11:40:45.877811,0.06457004650203588,0.7354600000000001,41,0.17130236774844618,72.01845056546853,0.06624521685506579,0.06549395244631244,0.0007512644087533521,0.4694784474881407,0.8316104590049291,2.041156429930755,2.2936130947016786,2.9563811338574926,0.13178580147879465,6.927022544261398,0.0,20.0,1,0,0,HOLD,-0.2737992965450049,0.0,0.7354600000000001,2025-08-06T11:40:45.877811,-1,HOLD
WBC.AX,2025-08-06T11:41:23.835404,0.17498160442214783,0.7316100000000001,37,0.00024172410634349238,79.33864235362364,0.1255798633375491,0.08303934745067669,0.042540515886872424,1.143870995020137,1.27829865476674,1.1647669159401595,3.346861178805158,3.458164467437526,0.14999961853027344,5.1167833700460035,0.0,20.0,1,0,0,HOLD,0.2211433316079182,0.0,0.7316100000000001,2025-08-06T11:41:23.835404,1,HOLD
NAB.AX,2025-08-06T11:42:03.309218,0.2418697858673879,0.7328600000000001,33,0.09990984557760134,77.39752513534415,0.1626661035726542,0.13732464115215035,0.025341462420503863,1.0443978189386516,1.4582555248092277,0.6828867168748445,3.595103135845775,2.881370581073529,0.1732145036969866,6.619140463668047,0.0,20.0,1,0,0,HOLD,-0.2569333988326947,0.0,0.7328600000000001,2025-08-06T11:42:03.309218,-1,HOLD
ANZ.AX,2025-08-06T11:42:39.466159,0.06457762121112047,0.7358200000000001,41,0.17130236774844618,72.01845056546853,0.06624521685506579,0.06549395244631244,0.0007512644087533521,0.4694784474881407,0.8316104590049291,2.041156429930755,2.2936130947016786,2.9563811338574926,0.13178580147879465,6.927022544261398,0.0,20.0,1,0,0,HOLD,-0.2737992965450049,0.0,0.7358200000000001,2025-08-06T11:42:39.466159,-1,HOLD
MQG.AX,2025-08-06T11:43:09.487825,0.19978545436014516,0.7389900000000001,45,0.2093745390412057,68.0279678942533,0.2682350926730237,0.02557525209261865,0.24265984058040505,0.9659763192612559,0.6553781208970748,-2.489489505077264,2.887058073427187,2.8717920201160987,1.0414276123046875,5.348420732890619,0.0,20.0,1,0,0,HOLD,-0.3947457838144308,0.0,0.7389900000000001,2025-08-06T11:43:09.487825,-1,HOLD
NAB.AX,2025-08-06T11:43:48.645535,0.24165522476636167,0.7301400000000001,33,0.09990984557760134,77.39752513534415,0.1626661035726542,0.13732464115215035,0.025341462420503863,1.0443978189386516,1.4582555248092277,0.6828867168748445,3.595103135845775,2.881370581073529,0.1732145036969866,6.619140463668047,0.0,20.0,1,0,0,HOLD,-0.2569333988326947,0.0,0.7301400000000001,2025-08-06T11:43:48.645535,-1,HOLD
SUN.AX,2025-08-06T11:44:27.328782,0.023357700475245623,0.6818700000000001,34,-0.10890101410934744,69.93467637379077,0.05727606118349726,0.03800082730872193,0.01927523387477533,1.0193596381641212,1.1250039204937055,0.8282726096929189,2.4802902143187584,2.10710532192666,0.10535689762660436,5.583181242701879,0.0,20.0,1,0,0,HOLD,1.0592166995945254,0.0,0.6818700000000001,2025-08-06T11:44:27.328782,1,BUY
MQG.AX,2025-08-06T11:44:57.623393,0.19971132302914246,0.7378500000000001,45,0.2093745390412057,68.0279678942533,0.2682350926730237,0.02557525209261865,0.24265984058040505,0.9659763192612559,0.6553781208970748,-2.489489505077264,2.887058073427187,2.8717920201160987,1.0414276123046875,5.348420732890619,0.0,20.0,1,0,0,HOLD,-0.3947457838144308,0.0,0.7378500000000001,2025-08-06T11:44:57.623393,-1,HOLD
QBE.AX,2025-08-06T11:45:33.203300,0.060464604126019436,0.5891200000000001,35,0.04880952380952381,88.46160899977625,0.1164178469498367,0.04844618684640573,0.06797166010343098,2.1263548360017976,1.8199265749112785,2.101214568063793,5.228731420746231,2.9531033656514203,0.12678541455950057,7.2241000104251,0.0,20.0,1,0,0,HOLD,1.1647991984857067,0.0,0.5891200000000001,2025-08-06T11:45:33.203300,1,BUY
CBA.AX,2025-08-06T12:19:26.612304,0.1909492684543763,0.7317100000000001,40,0.09242184331645116,77.92735345519814,0.9339091062612965,0.6901286636292056,0.24378044263209098,1.3582457844491767,1.6806158708554226,0.5820915391368281,4.38997799264123,3.0334414833525427,0.9235730852399554,5.620437823553409,0.0,20.0,1,0,0,HOLD,-0.20169230728459475,0.0,0.7317100000000001,2025-08-06T12:19:26.612304,-1,HOLD
WBC.AX,2025-08-06T12:20:40.140357,0.17506808816365493,0.7387600000000001,38,0.00024172410634349238,79.33864235362364,0.1255798633375491,0.08303934745067669,0.042540515886872424,1.143870995020137,1.27829865476674,1.1647669159401595,3.346861178805158,3.458164467437526,0.14999961853027344,5.1167833700460035,0.0,20.0,1,0,0,HOLD,0.6663772927161368,0.0,0.7387600000000001,2025-08-06T12:20:40.140357,1,HOLD
ANZ.AX,2025-08-06T12:21:55.542704,0.06322256314445665,0.7352600000000001,41,0.1648994037008743,72.01845056546853,0.06624521685506579,0.06549395244631244,0.0007512644087533521,0.4694784474881407,0.8316104590049291,2.041156429930755,2.2936130947016786,2.9563811338574926,0.13178580147879465,6.927022544261398,0.0,20.0,1,0,0,HOLD,0.4216644861767954,0.0,0.7352600000000001,2025-08-06T12:21:55.542704,1,HOLD
NAB.AX,2025-08-06T12:22:58.976045,0.24121450548141327,0.7340500000000001,33,0.09529640218847503,77.39752513534415,0.1626661035726542,0.13732464115215035,0.025341462420503863,1.0443978189386516,1.4582555248092277,0.6828867168748445,3.595103135845775,2.881370581073529,0.1732145036969866,6.619140463668047,0.0,20.0,1,0,0,HOLD,0.025762229269293342,0.0,0.7340500000000001,2025-08-06T12:22:58.976045,1,HOLD
MQG.AX,2025-08-06T12:24:05.457426,0.17384273645977827,0.7399900000000001,45,0.19537189353856022,68.0279678942533,0.2682350926730237,0.02557525209261865,0.24265984058040505,0.9659763192612559,0.6553781208970748,-2.489489505077264,2.887058073427187,2.8717920201160987,1.0414276123046875,5.348420732890619,0.0,20.0,1,0,0,HOLD,0.023319056785781483,0.0,0.7399900000000001,2025-08-06T12:24:05.457426,1,HOLD
SUN.AX,2025-08-06T12:25:10.326630,0.02334786224003421,0.6806000000000001,34,-0.10890101410934744,69.93467637379077,0.05727606118349726,0.03800082730872193,0.01927523387477533,1.0193596381641212,1.1250039204937055,0.8282726096929189,2.4802902143187584,2.10710532192666,0.10535689762660436,5.583181242701879,0.0,20.0,1,0,0,HOLD,0.7681221699382625,0.0,0.6806000000000001,2025-08-06T12:25:10.326630,1,HOLD
QBE.AX,2025-08-06T12:26:08.819841,0.06028605224713884,0.5804900000000001,35,0.04880952380952381,88.46160899977625,0.1164178469498367,0.04844618684640573,0.06797166010343098,2.1263548360017976,1.8199265749112785,2.101214568063793,5.228731420746231,2.9531033656514203,0.12678541455950057,7.2241000104251,0.0,20.0,1,0,0,HOLD,1.0340443254362577,0.0,0.5804900000000001,2025-08-06T12:26:08.819841,1,BUY
CBA.AX,2025-08-07T11:43:23.898474,0.10026890329814257,0.7339300000000001,49,0.08311971681846904,56.25997504425292,0.614861135063876,0.7271507867672369,-0.11228965170336092,0.04647853484807608,0.7998713400950427,0.1968188705957725,1.9843888268779544,2.807732076222681,0.86785888671875,5.313828466629719,0.0,20.0,1,0,0,HOLD,-1.1750915027819049,0.0,0.7339300000000001,2025-08-07T11:43:23.898474,-1,SELL
WBC.AX,2025-08-07T11:44:32.545607,0.12865104661609933,0.73279,47,0.0023557478061154587,65.56593588507104,0.13171786040742717,0.11728218820316927,0.014435672204257899,0.6693576943551157,1.1637307496527982,1.4217447012949944,2.1498352373855516,2.7203627949898075,0.13535690307617188,4.130223910722005,0.0,20.0,1,0,0,HOLD,-0.41419938700747944,0.0,0.73279,2025-08-07T11:44:32.545607,-1,HOLD
ANZ.AX,2025-08-07T11:45:39.008345,-0.02368998951374861,0.73196,50,0.12418683239655107,56.13203897470963,0.08772964840950337,0.0830745185186952,0.004655129890808171,0.22011841657748454,0.7173151052832156,2.1383539431323606,1.3554956378213765,2.7852444557662914,0.13500009264264787,4.824941478320389,0.0,20.0,1,0,0,HOLD,-0.032373677822690794,0.0,0.73196,2025-08-07T11:45:39.008345,-1,HOLD
NAB.AX,2025-08-07T11:46:46.904633,0.15280782132150877,0.7379800000000001,42,0.09595958344334422,50.787419313174524,0.0922537475294547,0.1080531511575911,-0.015799403628136408,0.10120900399281545,0.6685294991872408,0.30897505945001735,1.1742708539026154,2.9398624124750423,0.15428597586495535,4.514579652084119,0.0,20.0,1,0,0,HOLD,-0.6196691624222865,0.0,0.7379800000000001,2025-08-07T11:46:46.904633,-1,HOLD
MQG.AX,2025-08-07T11:47:48.499769,0.008146979422558131,0.7395800000000001,53,0.1454298941798942,45.75798541180765,-0.07614616940830388,-0.017446845267664598,-0.058699324140639275,-0.1131704957653899,-0.10702979913314684,-3.1344261815445797,1.2723549666835416,2.7879673504415923,0.955000741141183,5.095955735611081,0.0,20.0,1,0,0,HOLD,-0.004672874894388397,0.0,0.7395800000000001,2025-08-07T11:47:48.499769,-1,HOLD
SUN.AX,2025-08-07T11:48:55.265771,-0.041333715185203145,0.6874300000000001,42,-0.02982286096256685,75.43826774235646,0.06886492914845022,0.06334682155083722,0.005518107597612995,0.6135547053612866,1.046083400292893,1.1847863937679195,1.665540860502976,6.150049993425627,0.0996424811226981,3.576887222643299,0.0,20.0,1,0,0,HOLD,-3.0071648934242816,0.0,0.6874300000000001,2025-08-07T11:48:55.265771,-1,SELL
QBE.AX,2025-08-07T11:50:05.664382,0.007094522063744929,0.5830900000000001,44,0.04880952380952381,74.78256254436653,0.2031800085664699,0.15865485503120505,0.044525153535264844,1.247263276583215,1.9606115948047997,2.70777827462999,5.827260617991363,1.471071164631295,0.1310713631766183,6.875850839788693,0.0,20.0,1,0,0,HOLD,-8.413616746317155,0.0,0.5830900000000001,2025-08-07T11:50:05.664382,-1,SELL
CBA.AX,2025-08-07T20:59:53.703523,0.1310013578836514,0.7396000000000001,51,0.08311971681846904,56.25997504425292,0.614861135063876,0.7271507867672369,-0.11228965170336092,0.04647853484807608,0.7998713400950427,0.1968188705957725,1.9843888268779544,2.807732076222681,0.86785888671875,5.313828466629719,0.0,20.0,0,0,0,SELL,-1.1750915027819049,0.0,0.0,2025-08-08T00:54:16.435859,-1,SELL
WBC.AX,2025-08-07T21:01:06.941302,0.16952380678184503,0.7303900000000001,50,0.0023557478061154587,65.56593588507104,0.13171786040742717,0.11728218820316927,0.014435672204257899,0.6693576943551157,1.1637307496527982,1.4217447012949944,2.1498352373855516,2.7203627949898075,0.13535690307617188,4.130223910722005,0.0,20.0,0,0,0,SELL,-0.41419938700747944,0.0,0.0,2025-08-08T00:54:16.568222,-1,HOLD
ANZ.AX,2025-08-07T21:02:18.246816,0.03685252378068322,0.7308500000000001,54,0.12418683239655107,56.13203897470963,0.08772964840950337,0.0830745185186952,0.004655129890808171,0.22011841657748454,0.7173151052832156,2.1383539431323606,1.3554956378213765,2.7852444557662914,0.13500009264264787,4.824941478320389,0.0,20.0,0,0,0,SELL,-0.032373677822690794,0.0,0.0,2025-08-08T00:54:16.700447,-1,HOLD
NAB.AX,2025-08-07T21:03:28.136914,0.195142372471647,0.73267,46,0.09595958344334422,50.787419313174524,0.0922537475294547,0.1080531511575911,-0.015799403628136408,0.10120900399281545,0.6685294991872408,0.30897505945001735,1.1742708539026154,2.9398624124750423,0.15428597586495535,4.514579652084119,0.0,20.0,0,0,0,SELL,-0.6196691624222865,0.0,0.0,2025-08-08T00:54:16.828549,-1,HOLD
MQG.AX,2025-08-07T21:04:34.444347,0.019272476227250694,0.7303000000000001,57,0.1422495374995375,45.75798541180765,-0.07614616940830388,-0.017446845267664598,-0.058699324140639275,-0.1131704957653899,-0.10702979913314684,-3.1344261815445797,1.2723549666835416,2.7879673504415923,0.955000741141183,5.095955735611081,0.0,20.0,0,0,0,SELL,-0.004672874894388397,0.0,0.0,2025-08-08T00:54:16.958751,-1,HOLD
SUN.AX,2025-08-07T21:05:41.633683,0.016988509668572835,0.6865300000000001,46,-0.02982286096256685,75.43826774235646,0.06886492914845022,0.06334682155083722,0.005518107597612995,0.6135547053612866,1.046083400292893,1.1847863937679195,1.665540860502976,6.150049993425627,0.0996424811226981,3.576887222643299,0.0,20.0,0,0,0,SELL,-3.0071648934242816,0.0,0.0,2025-08-08T00:54:17.099658,-1,SELL
QBE.AX,2025-08-07T21:06:44.158223,0.058670178254711686,0.58942,46,0.04880952380952381,71.17121451646162,0.19122018816898745,0.16516792165876154,0.026052266510225908,0.9492277126512519,1.781725465805177,2.5727418295215236,5.5020779741891355,0.0,0.12821415492466517,6.3310431080082425,0.0,20.0,0,0,0,SELL,-8.413616746317155,0.0,0.0,2025-08-08T00:54:17.229408,-1,SELL
CBA.AX,2025-08-11T11:02:17.805323,0.2574062622286814,0.7334800000000001,43,0.07632747085573548,55.50350200114351,0.21841144569484072,0.17812609378518335,0.040285351909657374,0.44076707864091297,0.936577135550588,0.6835636206857063,1.3531622342417562,3.775310122962872,0.787858145577567,3.2078125005259457,0.0,20.0,1,1,0,SELL,0.112,-1.0,0.774,2025-08-11T12:17:59.823864,1,HOLD
WBC.AX,2025-08-11T11:03:26.894826,0.24207597981174017,0.7328300000000001,42,0.05380810366104485,61.764689382804704,0.1380367272002374,0.10122342292542424,0.03681330427481316,1.0812294966201133,1.861477592950861,2.3539818289553716,2.143689229894501,3.9506959177786776,0.1742861611502511,5.160983474560892,0.0,20.0,1,1,0,SELL,0.933,-1.0,0.842,2025-08-11T12:17:59.824451,1,BUY
ANZ.AX,2025-08-11T11:04:31.892272,0.05564080645196482,0.7350500000000001,47,0.12706381306731446,62.389378290378716,0.11663738460197948,0.1003896003366535,0.01624778426532597,0.48812559713642045,1.1513892750081471,2.70682043918249,1.8515682111206806,3.109639978285943,0.1574998583112444,5.379005959944,0.0,20.0,1,1,0,SELL,2.209,-1.0,0.744,2025-08-11T12:17:59.824474,1,BUY
NAB.AX,2025-08-11T11:05:36.717789,0.22462085559173534,0.7315300000000001,38,0.07592593673255749,47.48202426038751,0.04841641688929599,0.03954619471704817,0.008870222172247817,0.10979813877562072,0.3787194632464311,0.2742987367383377,1.6332868762476107,0.00015227297323313046,0.18607139587402344,4.863003853112109,0.0,20.0,1,1,0,SELL,1.135,-1.0,0.788,2025-08-11T12:17:59.824485,1,BUY
MQG.AX,2025-08-11T11:06:37.954021,0.1409550433341598,0.7316400000000001,49,0.09710851541457949,42.66862957427577,-0.26672048732342546,-0.1989605830152875,-0.06775990430813797,-0.15165957067980645,-0.21641458058429835,-3.136792293934048,0.912927243683213,2.635153599541434,1.102144513811384,3.682337832222139,0.0,20.0,1,1,0,SELL,0.323,-1.0,0.743,2025-08-11T12:17:59.824495,1,HOLD
SUN.AX,2025-08-11T11:07:41.405787,0.059945115038762285,0.6859900000000001,37,0.026796169758588055,6.84523099944029,-0.2818059736390879,-0.18738137812847686,-0.09442459551061103,-4.009819595386758,-5.084345692501395,-5.30410430897403,9.182521457120247,4.4643964628725055,0.18249974931989396,11.361954229567807,0.0,20.0,1,1,0,SELL,2.866,-1.0,0.792,2025-08-11T12:17:59.824504,1,BUY
QBE.AX,2025-08-11T11:08:43.073802,0.17267072562011873,0.6314700000000001,40,0.11514550264550263,10.48383921166166,-0.5270898677382903,-0.4399840958547194,-0.08710577188357083,-4.826648373869233,-6.949540228442297,-7.621348805525923,19.39844003883434,1.8563576523725567,0.2885714939662388,20.56002870838937,0.0,20.0,1,1,0,SELL,2.095,-1.0,0.817,2025-08-11T12:17:59.824513,1,BUY
ANZ.AX,2025-08-11T12:11:55.012670,0.06352514612828174,0.7358800000000001,46,0.12706381306731446,62.389378290378716,0.11663738460197948,0.1003896003366535,0.01624778426532597,0.48812559713642045,1.1513892750081471,2.70682043918249,1.8515682111206806,3.109639978285943,0.1574998583112444,5.379005959944,0.0,20.0,1,1,0,BUY,2.209,1.0,0.75,2025-08-11T12:17:00.018915,1,BUY
CBA.AX,2025-08-11T12:37:33.794533,0.24078636563578723,0.7328700000000001,42,0.07452034673485111,55.50350200114351,0.21841144569484072,0.17812609378518335,0.040285351909657374,0.44076707864091297,0.936577135550588,0.6835636206857063,1.3531622342417562,3.775310122962872,0.787858145577567,3.2078125005259457,0.0,20.0,1,1,0,SELL,0.0,0.0,0.7874087832322664,2025-08-11T12:37:34.209955,0,HOLD
WBC.AX,2025-08-11T12:38:44.840447,0.2584999150333755,0.7316900000000001,41,0.05800736696458622,61.764689382804704,0.1380367272002374,0.10122342292542424,0.03681330427481316,1.0812294966201133,1.861477592950861,2.3539818289553716,2.143689229894501,3.9506959177786776,0.1742861611502511,5.160983474560892,0.0,20.0,1,1,0,SELL,0.0,0.0,0.8313707005853175,2025-08-11T12:38:45.478246,0,HOLD
ANZ.AX,2025-08-11T12:39:59.966132,0.06990133731602265,0.7371300000000001,45,0.12706381306731446,62.389378290378716,0.11663738460197948,0.1003896003366535,0.01624778426532597,0.48812559713642045,1.1513892750081471,2.70682043918249,1.8515682111206806,3.109639978285943,0.1574998583112444,5.379005959944,0.0,20.0,1,1,0,SELL,0.0,0.0,0.7626711543114935,2025-08-11T12:40:00.491809,0,HOLD
NAB.AX,2025-08-11T12:41:08.960791,0.22955789194291926,0.7317100000000001,37,0.0749188415895116,47.48202426038751,0.04841641688929599,0.03954619471704817,0.008870222172247817,0.10979813877562072,0.3787194632464311,0.2742987367383377,1.6332868762476107,0.00015227297323313046,0.18607139587402344,4.863003853112109,0.0,20.0,1,1,0,SELL,0.0,0.0,0.7879063202891227,2025-08-11T12:41:09.380706,0,HOLD
MQG.AX,2025-08-11T12:42:11.621845,0.17447842356417395,0.7343600000000001,48,0.09710851541457949,42.66862957427577,-0.26672048732342546,-0.1989605830152875,-0.06775990430813797,-0.15165957067980645,-0.21641458058429835,-3.136792293934048,0.912927243683213,2.635153599541434,1.102144513811384,3.682337832222139,0.0,20.0,1,1,0,SELL,0.0,0.0,0.7573442018121362,2025-08-11T12:42:12.020269,0,HOLD
SUN.AX,2025-08-11T12:43:14.299525,0.06612633445320233,0.68815,36,0.026796169758588055,6.84523099944029,-0.2818059736390879,-0.18738137812847686,-0.09442459551061103,-4.009819595386758,-5.084345692501395,-5.30410430897403,9.182521457120247,4.4643964628725055,0.18249974931989396,11.361954229567807,0.0,20.0,1,1,0,SELL,0.0,0.0,0.7970579704619576,2025-08-11T12:43:14.728538,0,HOLD
QBE.AX,2025-08-11T12:44:20.034784,0.17459156943654064,0.6322300000000001,41,0.11514550264550263,10.48383921166166,-0.5270898677382903,-0.4399840958547194,-0.08710577188357083,-4.826648373869233,-6.949540228442297,-7.621348805525923,19.39844003883434,1.8563576523725567,0.2885714939662388,20.56002870838937,0.0,20.0,1,1,0,SELL,0.0,0.0,0.814697015539967,2025-08-11T12:44:20.416740,0,HOLD
CBA.AX,2025-08-12T11:31:39.106960,0.21074215820641443,0.7390400000000001,43,0.06512176735496063,68.18942224340094,0.4100223906289102,0.35378216974823706,0.05624022088067315,0.40431507041577536,0.7815094667578466,0.8608018944934764,1.9626803309517196,5.430200718618482,0.8742850167410714,4.344082793036671,0.0,20.0,1,0,0,HOLD,0.0,0.0,0.5575940389599481,2025-08-12T11:31:39.554582,0,HOLD
WBC.AX,2025-08-12T11:32:48.665027,0.17680886574213817,0.68874,42,0.011778846153846154,83.21924071799964,0.22311985542328472,0.1739560145730987,0.04916384085018602,1.4152192678579554,2.3792949005525217,3.2146186871512374,3.8502863410247725,4.491470960448125,0.1928574698311942,5.781816473040728,0.0,20.0,1,0,0,HOLD,0.0,0.0,0.6490447543344701,2025-08-12T11:32:49.614064,0,HOLD
ANZ.AX,2025-08-12T11:33:56.675085,0.00028233057143822586,0.7324400000000001,46,0.11462139670683087,78.37840345673361,0.27510145862451907,0.21403543694942523,0.06106602167509384,1.7186735965693791,2.863292133307681,4.743129391302463,5.100767054857651,4.0526124316383285,0.20714255741664342,7.519334834850451,0.0,20.0,1,0,0,HOLD,0.0,0.0,0.6330059417332538,2025-08-12T11:33:57.429309,0,HOLD
NAB.AX,2025-08-12T11:35:00.703099,0.15367090185595428,0.7327500000000001,38,0.09470475139078335,76.02748673999947,0.09345811816685767,0.06521263345656836,0.028245484710289315,0.9697259735622978,1.2418001809562895,1.3265666774120788,2.0948658171081993,1.0336222898734768,0.20071465628487722,5.246688052424589,0.0,20.0,1,0,0,SELL,0.0,0.0,0.7429721823701122,2025-08-12T11:35:01.464734,0,HOLD
MQG.AX,2025-08-12T11:36:05.142683,0.09708493523574074,0.7338700000000001,48,0.10331236325594505,49.81274264400529,-0.1496309152392996,-0.2852058794185551,0.13557496417925546,0.3058293191352539,0.15947239620341733,-2.596273779165849,1.4300560613783029,4.192194524259446,1.2035740443638392,5.204048121032253,0.0,20.0,1,0,0,SELL,0.0,0.0,0.6994125763805569,2025-08-12T11:36:05.719481,0,HOLD
SUN.AX,2025-08-12T11:37:18.918933,0.016433760978031533,0.7364900000000001,38,0.0446357833095801,42.66668023005197,-0.1492726495590695,-0.19984292778384533,0.05057027822477583,0.26188070561025634,-1.8569039234486633,-2.3668727383094206,5.324365077395858,3.5114725029716345,0.17964254106794084,9.032529864147532,0.0,20.0,1,0,0,SELL,0.0,0.0,0.7485329874901367,2025-08-12T11:37:19.379457,0,HOLD
QBE.AX,2025-08-12T11:38:31.058767,-5.707249259146888e-05,0.58823,40,0.18148148148148147,51.851893714087105,-0.331545018522327,-0.4037520608411457,0.07220704231881869,0.4744910428289598,-4.031652990383826,-5.484143512502954,4.170872680184482,2.91381417137747,0.17964294978550502,12.562571297401002,0.0,20.0,1,0,0,SELL,0.0,0.0,0.66920170405127,2025-08-12T11:38:31.597138,0,HOLD
CBA.AX,2025-08-12T12:11:28.166180,0.20911029836438705,0.7304700000000001,43,0.05860223950405611,68.18942224340094,0.4100223906289102,0.35378216974823706,0.05624022088067315,0.40431507041577536,0.7815094667578466,0.8608018944934764,1.9626803309517196,5.430200718618482,0.8742850167410714,4.344082793036671,0.0,20.0,1,0,0,SELL,0.0,0.0,0.7226653984679099,2025-08-12T12:11:28.550391,0,HOLD
WBC.AX,2025-08-12T12:12:26.500302,0.18280090199123722,0.7306900000000001,42,0.06490434169005597,83.21924071799964,0.22311985542328472,0.1739560145730987,0.04916384085018602,1.4152192678579554,2.3792949005525217,3.2146186871512374,3.8502863410247725,4.491470960448125,0.1928574698311942,5.781816473040728,0.0,20.0,1,0,0,SELL,0.0,0.0,0.7681207446686327,2025-08-12T12:12:26.962241,0,HOLD
ANZ.AX,2025-08-12T12:13:17.806283,-0.010639145072633754,0.7325,46,0.11462139670683087,78.37840345673361,0.27510145862451907,0.21403543694942523,0.06106602167509384,1.7186735965693791,2.863292133307681,4.743129391302463,5.100767054857651,4.0526124316383285,0.20714255741664342,7.519334834850451,0.0,20.0,1,0,0,SELL,0.0,0.0,0.7486555629620723,2025-08-12T12:13:18.327336,0,HOLD
NAB.AX,2025-08-12T12:14:12.172039,0.14797489380240397,0.7392700000000001,38,0.09470475139078335,76.02748673999947,0.09345811816685767,0.06521263345656836,0.028245484710289315,0.9697259735622978,1.2418001809562895,1.3265666774120788,2.0948658171081993,1.0336222898734768,0.20071465628487722,5.246688052424589,0.0,20.0,1,0,0,SELL,0.0,0.0,0.8352420368881842,2025-08-12T12:14:12.755056,0,HOLD
MQG.AX,2025-08-12T12:15:01.374892,0.09704631907368184,0.7326500000000001,48,0.10331236325594505,49.81274264400529,-0.1496309152392996,-0.2852058794185551,0.13557496417925546,0.3058293191352539,0.15947239620341733,-2.596273779165849,1.4300560613783029,4.192194524259446,1.2035740443638392,5.204048121032253,0.0,20.0,1,0,0,SELL,0.0,0.0,0.8096254108431756,2025-08-12T12:15:02.013719,0,HOLD
SUN.AX,2025-08-12T12:16:11.733857,0.016418075736753055,0.7335600000000001,38,0.0446357833095801,42.66668023005197,-0.1492726495590695,-0.19984292778384533,0.05057027822477583,0.26188070561025634,-1.8569039234486633,-2.3668727383094206,5.324365077395858,3.5114725029716345,0.17964254106794084,9.032529864147532,0.0,20.0,1,0,0,SELL,0.0,0.0,0.750999474885487,2025-08-12T12:16:12.143454,0,HOLD
QBE.AX,2025-08-12T12:17:05.135752,-0.03735863738463526,0.5850400000000001,41,0.18148148148148147,51.851893714087105,-0.331545018522327,-0.4037520608411457,0.07220704231881869,0.4744910428289598,-4.031652990383826,-5.484143512502954,4.170872680184482,2.91381417137747,0.17964294978550502,12.562571297401002,0.0,20.0,1,0,0,HOLD,0.0,0.0,0.6277419556878039,2025-08-12T12:17:05.530853,0,HOLD
ANZ.AX,2025-08-12T12:37:17.871538,0.00038914097832684136,0.7319800000000001,46,0.11462139670683087,78.37840345673361,0.27510145862451907,0.21403543694942523,0.06106602167509384,1.7186735965693791,2.863292133307681,4.743129391302463,5.100767054857651,4.0526124316383285,0.20714255741664342,7.519334834850451,0.0,20.0,1,0,0,SELL,0.0,0.0,0.7613595618520361,2025-08-12T12:37:18.346575,0,HOLD
CBA.AX,2025-08-12T12:38:08.788743,0.2094854206481952,0.7351800000000001,43,0.05860223950405611,68.18942224340094,0.4100223906289102,0.35378216974823706,0.05624022088067315,0.40431507041577536,0.7815094667578466,0.8608018944934764,1.9626803309517196,5.430200718618482,0.8742850167410714,4.344082793036671,0.0,20.0,1,0,0,SELL,0.0,0.0,0.7272242567571884,2025-08-12T12:38:09.258284,0,HOLD
WBC.AX,2025-08-12T12:39:01.174143,0.18302672260134337,0.7332700000000001,42,0.06490434169005597,83.21924071799964,0.22311985542328472,0.1739560145730987,0.04916384085018602,1.4152192678579554,2.3792949005525217,3.2146186871512374,3.8502863410247725,4.491470960448125,0.1928574698311942,5.781816473040728,0.0,20.0,1,0,0,SELL,0.0,0.0,0.7678348586796216,2025-08-12T12:39:01.987376,0,HOLD
ANZ.AX,2025-08-12T12:43:39.943701,-0.009921331832538705,0.7345300000000001,47,0.11462139670683087,78.37840345673361,0.27510145862451907,0.21403543694942523,0.06106602167509384,1.7186735965693791,2.863292133307681,4.743129391302463,5.100767054857651,4.0526124316383285,0.20714255741664342,7.519334834850451,0.0,20.0,1,0,0,SELL,0.0,0.0,0.7494182277450738,2025-08-12T12:43:40.356751,0,HOLD
CBA.AX,2025-08-12T12:44:34.290263,0.20215845990788947,0.73445,44,0.05860223950405611,68.18942224340094,0.4100223906289102,0.35378216974823706,0.05624022088067315,0.40431507041577536,0.7815094667578466,0.8608018944934764,1.9626803309517196,5.430200718618482,0.8742850167410714,4.344082793036671,0.0,20.0,1,0,0,SELL,0.0,0.0,0.7027737003565422,2025-08-12T12:44:34.859890,0,HOLD
WBC.AX,2025-08-12T12:45:24.603666,0.17468551514028513,0.7320200000000001,43,0.06490434169005597,83.21924071799964,0.22311985542328472,0.1739560145730987,0.04916384085018602,1.4152192678579554,2.3792949005525217,3.2146186871512374,3.8502863410247725,4.491470960448125,0.1928574698311942,5.781816473040728,0.0,20.0,1,0,0,SELL,0.0,0.0,0.7390430098553745,2025-08-12T12:45:25.195014,0,HOLD
NAB.AX,2025-08-12T12:46:19.139070,0.1406843060010488,0.7383500000000001,39,0.09918771237174534,76.02748673999947,0.09345811816685767,0.06521263345656836,0.028245484710289315,0.9697259735622978,1.2418001809562895,1.3265666774120788,2.0948658171081993,1.0336222898734768,0.20071465628487722,5.246688052424589,0.0,20.0,1,0,0,SELL,0.0,0.0,0.8445257886001173,2025-08-12T12:46:19.583492,0,HOLD
ANZ.AX,2025-08-12T12:48:19.452941,-0.009912276758660651,0.7317300000000001,47,0.11462139670683087,78.37840345673361,0.27510145862451907,0.21403543694942523,0.06106602167509384,1.7186735965693791,2.863292133307681,4.743129391302463,5.100767054857651,4.0526124316383285,0.20714255741664342,7.519334834850451,0.0,20.0,1,0,0,SELL,0.0,0.0,0.749111184744779,2025-08-12T12:48:19.909647,0,HOLD
ANZ.AX,2025-08-12T12:50:13.661895,-0.009924986201639492,0.7356600000000001,47,0.11462139670683087,78.37840345673361,0.27510145862451907,0.21403543694942523,0.06106602167509384,1.7186735965693791,2.863292133307681,4.743129391302463,5.100767054857651,4.0526124316383285,0.20714255741664342,7.519334834850451,0.0,20.0,1,0,0,SELL,0.0,0.0,0.7462156009691627,2025-08-12T12:50:14.269736,0,HOLD
ANZ.AX,2025-08-12T12:52:44.168286,0.003464442584643494,0.7308600000000001,46,0.11462139670683087,78.37840345673361,0.27510145862451907,0.21403543694942523,0.06106602167509384,1.7186735965693791,2.863292133307681,4.743129391302463,5.100767054857651,4.0526124316383285,0.20714255741664342,7.519334834850451,0.0,20.0,1,0,0,SELL,0.0,0.0,0.7570551546072969,2025-08-12T12:52:44.566537,0,HOLD
ANZ.AX,2025-08-12T12:54:28.568669,-0.006642742884389106,0.7333500000000001,47,0.11462139670683087,78.37840345673361,0.27510145862451907,0.21403543694942523,0.06106602167509384,1.7186735965693791,2.863292133307681,4.743129391302463,5.100767054857651,4.0526124316383285,0.20714255741664342,7.519334834850451,0.0,20.0,1,0,0,SELL,0.0,0.0,0.7524491631723939,2025-08-12T12:54:29.025256,0,HOLD
ANZ.AX,2025-08-12T12:56:05.720369,-0.009914055433886697,0.73228,47,0.11462139670683087,78.37840345673361,0.27510145862451907,0.21403543694942523,0.06106602167509384,1.7186735965693791,2.863292133307681,4.743129391302463,5.100767054857651,4.0526124316383285,0.20714255741664342,7.519334834850451,0.0,20.0,1,0,0,SELL,0.0,0.0,0.749111184744779,2025-08-12T12:56:06.185554,0,HOLD
CBA.AX,2025-08-12T12:56:58.603591,0.2023528567710083,0.7374,44,0.05860223950405611,68.18942224340094,0.4100223906289102,0.35378216974823706,0.05624022088067315,0.40431507041577536,0.7815094667578466,0.8608018944934764,1.9626803309517196,5.430200718618482,0.8742850167410714,4.344082793036671,0.0,20.0,1,0,0,SELL,0.0,0.0,0.7008112254499776,2025-08-12T12:56:59.177743,0,HOLD
WBC.AX,2025-08-12T12:57:52.803057,0.17406384889344473,0.7396100000000001,43,0.04904590359135814,83.21924071799964,0.22311985542328472,0.1739560145730987,0.04916384085018602,1.4152192678579554,2.3792949005525217,3.2146186871512374,3.8502863410247725,4.491470960448125,0.1928574698311942,5.781816473040728,0.0,20.0,1,0,0,SELL,0.0,0.0,0.730729979522081,2025-08-12T12:57:53.328477,0,HOLD
ANZ.AX,2025-08-13T12:27:56.634636,-0.13878642941827596,0.7336600000000001,44,0.13088818953141204,62.54979231986236,0.21982020593651086,0.2423487757055951,-0.02252856976908424,0.4594299716148829,2.050294267693546,4.329752842080432,4.15301931084162,3.3158191452431494,0.24999986376081193,9.383632658624572,0.0,20.0,1,0,0,HOLD,0.0,0.0,0.6258330899215153,2025-08-13T12:27:57.137057,0,HOLD
CBA.AX,2025-08-13T12:28:54.591810,-0.026666393849299353,0.7345800000000001,45,0.05696430820954242,21.935997947424426,-2.209442859061312,-1.2822902183670462,-0.9271526406942658,-3.635192173855849,-4.342757845329685,-4.419850002241237,9.920975995022346,3.0541093515148425,1.7321428571428572,17.900398146150863,0.0,20.0,1,0,0,HOLD,0.0,0.0,0.510141608526118,2025-08-13T12:28:55.001710,0,HOLD
WBC.AX,2025-08-13T12:29:46.105639,0.004819059710330233,0.7304700000000001,41,0.07388502701002701,38.76407745143213,0.01853466071771237,0.08983677669617048,-0.0713021159784581,-0.9365686257160291,-0.10372205897401987,0.9957364238532964,2.954884330526837,3.48084131028468,0.2292853764125279,7.549719474472784,0.0,20.0,1,0,0,SELL,0.0,0.0,0.6792001427804464,2025-08-13T12:29:46.655227,0,HOLD
NAB.AX,2025-08-13T12:30:40.052320,0.04372566410806627,0.73057,36,0.10201276415778537,31.02560541178174,-0.1294862066565443,-0.043598513367993835,-0.08588769328855048,-1.3998078770735063,-1.4045209195157025,-1.1804102517853567,3.606523036931672,4.873308627452485,0.2417858668736049,8.132906741797708,0.0,20.0,1,0,0,SELL,0.0,0.0,0.6961374895414721,2025-08-13T12:30:40.509400,0,HOLD
ANZ.AX,2025-08-13T12:35:03.579765,-0.15360433226753964,0.7318100000000001,45,0.13088818953141204,62.54979231986236,0.21982020593651086,0.2423487757055951,-0.02252856976908424,0.4594299716148829,2.050294267693546,4.329752842080432,4.15301931084162,3.3158191452431494,0.24999986376081193,9.383632658624572,0.0,20.0,1,0,0,HOLD,0.0,0.0,0.621682027380925,2025-08-13T12:35:04.177647,0,HOLD
CBA.AX,2025-08-13T12:35:53.129158,-0.036431692069870576,0.7340300000000001,44,0.05696430820954242,21.935997947424426,-2.209442859061312,-1.2822902183670462,-0.9271526406942658,-3.635192173855849,-4.342757845329685,-4.419850002241237,9.920975995022346,3.0541093515148425,1.7321428571428572,17.900398146150863,0.0,20.0,1,0,0,HOLD,0.0,0.0,0.5121927978488016,2025-08-13T12:35:53.568702,0,HOLD
WBC.AX,2025-08-13T12:36:41.891174,-0.007720958480916864,0.73801,42,0.07388502701002701,38.76407745143213,0.01853466071771237,0.08983677669617048,-0.0713021159784581,-0.9365686257160291,-0.10372205897401987,0.9957364238532964,2.954884330526837,3.48084131028468,0.2292853764125279,7.549719474472784,0.0,20.0,1,0,0,SELL,0.0,0.0,0.6643880127568755,2025-08-13T12:36:42.399077,0,HOLD
ANZ.AX,2025-08-13T12:36:55.206745,-0.1538503883861008,0.73672,45,0.13088818953141204,62.54979231986236,0.21982020593651086,0.2423487757055951,-0.02252856976908424,0.4594299716148829,2.050294267693546,4.329752842080432,4.15301931084162,3.3158191452431494,0.24999986376081193,9.383632658624572,0.0,20.0,1,0,0,HOLD,0.0,0.0,0.6251299216335281,2025-08-13T12:36:55.977378,0,HOLD
NAB.AX,2025-08-13T12:37:34.655686,0.03137254688742466,0.7324800000000001,37,0.10115439080955428,31.02560541178174,-0.1294862066565443,-0.043598513367993835,-0.08588769328855048,-1.3998078770735063,-1.4045209195157025,-1.1804102517853567,3.606523036931672,4.873308627452485,0.2417858668736049,8.132906741797708,0.0,20.0,1,0,0,SELL,0.0,0.0,0.6729506248248757,2025-08-13T12:37:35.104014,0,HOLD
